text,label,split
माँ ने कहा की खान साहब किराया मागने आये थे पर घर  की हालत की वजह से इस महीने का किराया मेने दिया उनके लुंड का पूरा रस पी के  RT,0,train
गोदी मीडिया आतंकवादी बोलने में तेरी गांड क्यों फट रही,0,train
"#प्रज्ञा_ठाकुर चुनाव लड़े तो मीडिया को कोई आपत्ति नहीं है  मगर 5 बार विधायक और 1 बार सांसद रहने के बावजूद अतीक अहमद के नाम पर माफिया, बाहुबली ना जाने क्या क्या कहा जाता है प्राइम टाइम में डॉन कहकर छवि बिगाड़ी जाती है. क्या गरीबो की मदद करना गुण्डागर्दी है ?  @user",0,train
अगर यही हिन्दू ने किया होता तो  धर्म जाती सब पता कर लेती तू सुअर की औलाद    लेकिन इसे कटुओ ने किया है तो अब मुह में बवासीर हो गया तेरे भड़वी,0,train
"बरसात की उम्मीद न कीजिएगा फ़लक़ से ज़नाब..  इस बार ज़मीनों ने,लहू ख़ूब पिया है.!!",0,train
कोहली मंत्र दे रहे थे लेकिन हार्दिक-जाधव के बीच अलग ही खिचड़ी पक रही थी,0,train
बाॅलिवुड के हिरो/हिरोईन ओर डायरेक्टर को दिखाओ ये..भिखारीयो को बाॅलिवुड मे लाता हो.पैसे वाला बनाते हो. ओर वो देखो कैसे तुम्हारे जले पर नमक छिडकते है..भेनचोद ने आतंकवादी हमले की निंदा नही की पर बेवकुफ इम्रान की तारिफ की.आतंकवादी देश है पर उनके देश के साथ गद्दारी नही करते वो.,0,train
नेता चालाक है वो कुर्सी के लिए धर्म के नाम पर लड़वाते है । जनता मुर्ख है जो धर्म के नाम पर आपस मे लड़ती है ।,0,train
ये हरे काँच की #चूड़ियाँ  बढ़ी जंचती है तुम पर  तुम सादगी में भी लगती सुंदर  #हिंदी_शब्द  #शब्दनिधि,0,train
ले भोसड़ीके @user राफेल का झूठ भर ले अपनी गांड में     #ExitPoll2019,0,train
"दिलली में मुसलमानों ने मंदिर को तोङ दिया  लेकिन सारे दोगले नेता चुप बैठे है    और कुछ हरामी कहते है कि  हिनदू-मुसलिम,,, भाई-भाई    अरे हिनदूओं तलवार उठाओ    ये तुमहारे भाई नहीं  तुमहारे दुशमन है      #AmitShah   #HinduUnity",0,train
काय मँज लय रही मरी रंडि बाभि बस में,0,train
"BREAKING: @user के बेटे आकाश विजयवर्गीय के मामले में प्रधानमंत्री @user ने इशारों-इशारों में कहा है कि बेटा सांसद का हो या किसी मंत्री का, इस तरह का कृत्य सहन नहीं किया जाएगा. आकाश विजयवर्गीय ने नगर निगम के अधिकारी को बैट से पीटा था.    http",0,train
हरामजादे एक बात पता कहीं पर भी कोई सूअर कट्टा को कोई भी मार दे तो उसमें बीजेपी और आरएसएस वालों का हाथ होता है अभी सूअर कट्टे ने मंदिर पर हमला किया है तो तेरी मां चुदे यह बता क्यों नहीं मैं यह मानूं कि यह हमला तुम लोगों ने करवाया है,0,train
"मौसम साफ हो तो #कुत्ते भी #चौकीदारी बखूबी निभाते है, फिर भी लोग सो रहे है,  कही #बादल छा गये तो कुत्तों का भी #राडार काम नहीं करता,  #Bhaagtijantaparty",0,train
नाम से ही अमेरिका के एयरपोर्ट पर तय होता है कि आरती उतारनी है या पतलून....    और चमचे कहते हैं नाम में क्या रखा है    #कमीने,0,train
नाक टेढ़वा का चले तो देश को सीरिया बना दे मौलाना अखिलेसुद्दीन सिद्दीकी,1,train
रंडी की औकीत ही यही है भाईजान,0,train
पैदासी हरामी है तू या बाद में हरामी बनी है तू कल को न्यूज़ में काम करना छोड़ दे दो हम लोग क्या समझे,1,train
रंडी तू ही है  ऐसा मेहनत का खाने के लिए कुत्ती खराब भोसड़ी की बहन की लोहड़ी भडवी,0,train
"उन्हें नही थी मेरे प्यार की खबर,    वाह वाह     उन्हें नही थी मेरे प्यार की खबर,    वाह वाह     भौसडीके शायरी ग़लत हो गयी रब्बर दो रब्बर",0,train
मणिशंकर #नीच बोले तो कांग्रेस का बयान। प्रज्ञा ठाकुर गोडसे को देशभक्त बोले तो वह प्रज्ञा का निजी बयान।  वाह रे भाजपा तेरा दोगलापन,1,train
नीच आदमी ही किसी को नीच बोल सकता है।   क्योंकि वह अपनी ही  निगाह से जग को देखेगा।  #बाबा_बख्तियार ने शूद्रों को लिखा #नीच ।,0,train
कृपया ये अमेठी के मोहनगंज के अधिकारी है।  जब तक पैसे नही दोगे तब तक काम हमे तो नह8 लगता हो जाएगा।  क्योंकि बिजली विभाग बहुत सछम है।  @user जी कृपया कड़ी से कड़ी कार्यवाही करें आपकी अति कृपा होगी।  @user @user जी ध्यान दे।,0,train
सूअर गटर मे पडा़ रहना चाहता हैं तो पड़ा रहने दो भाई,0,train
I know you can’t. It’s really disappointing. भोसडिके,0,train
"केजरीवाल को इतने थप्पड़ पड़ गये,  मजाल हो बंदे को एक बार भी डर लगा हो।  दिल्ली के है भैनचोद गुनगुनाकर फिर  लग जाता है काम पर",0,train
अल्लाह ने जिनते मादरचोद थेथर बनाए सब को पाकिस्तान में ही डाल दिया। गांड मार मार के लाल हो जाये तो भी बोलेंगे की मेरी गण्ड जैसी किसी की गांड नाही हो सकती क्योंकि गुलाबी हो गयी है। भोसड़ी वाले,0,train
"दिल्ली: मंदिर में तोड़फोड़ के बाद चावड़ी बाजार इलाके में तनाव, पार्किंग से शुरू हुई थी लड़ाई",0,train
"दिल्ली के कुल 13,816 बूथों में से भाजपा ने 12064 बूथों पर विजय हासिल की है। दिल्ली की जनता विधानसभा चुनावों में भी कमल खिलाने को तैयार है - श्री @user",0,train
".@user चीफ @user ने ज्वाइन किया @user , सिर्फ इस एक अकाउंट को किया फॉलो",0,train
"कांग्रेस पार्टी के सभी मुस्लिम लीडरों से इल्तज़ा है कि@user और राजस्थान सरकार के रहनुमाओं से सवाल करें,वरना तुम्हारा कांग्रेस में कोई फायदा नही सिर्फ दलाली करना भर तुम्हे मुर्दा साबित करेगा,ज़िन्दा रहकर तुम्हारा कोई फायदा नही,क्योंकि चुप रहोगे तो मुर्दे कहलाओगे.!  #CongRss",1,train
"एक ऐसे काम करने वाले सुअर के औलाद के पूरे खानदान को उड़ा दो, फिर देखो खौफ ।  @user @user @user @user @user @user @user",0,train
"ये भड़वा वोट और नोट के लिए किसी के भी चुत्तड़ चाट सकता है, @user तो शायद धोता भी होगा।  हरियाणा में ये जब जब आता है इसके रैपटे पढ़ते हैं।",0,train
"आज किसी और के बेटी-बहन के साथ बलात्कार और गोली मारी जा रही कल आपकी भी बारी आ सकती है।    यूँ खामोश होकर मुर्दो की तरह तमाशा देखना सबको भारी पड़ सकता है, ये सरकार की तानशाही और बढ़ सकती है।    वक्त रहते सवाल उठाना सुरु कर दो वर्ना सवाल करने पे उठने लायक नही रहोगे।",0,train
मेहबूबा शर्म कर रंडी हरे रंग वाली छिनाल कोई कुछ भी,0,train
"जम्मू में बीजेपी नेता ने भारतीय सेना की जमीन पर किया था कब्जा , मतलब वास्तव में हिंदूत्व खतरे में है,,",0,train
वतफ  ये क्या बकवास है भेनचोद,0,train
ब्राम्हण बुद्धिमान थे छत्रिय बलशाली थे बनिया व्यापार में निपुण थे और रिजर्वेशन भी नहीं था तो यह देश गुलाम हुआ कैसे जवाब दो.....  @user @user  @user @user @user @user  @user @user @user @user,0,train
1 Million Subscribers के लिए MPTak की पूरी टीम का सभी दर्शकों को THANK YOU | MPTak   @user @user #TeamMPTak @user #SayeedAnsari,0,train
"Sir, दिल्ली के 7 MP इनके हैं, दिल्ली पुलिस इनकी है। केंद्र में सरकार इनकी बैठी है।  अब अगर वहाँ सुअर 'अल्लाह हू अकबर' बोलकर एक मंदिर में तोड़फोड़ करते है। कहीं मीडिया में कोई खबर नही।",0,train
प्रज्ञा_ठाकुर ने #गोडसे_ज़िंदाबाद कहा तो नाराज़ हो गये   #कन्हैया_कुमार ने भारत तेरे टुकडे होंगे कहा तो लोकसभा उम्मीदवार बना दिया।,0,train
"बिना पेले पाकिस्तान की गाँड़ फटी है । उधर इंग्लैंड न्यूज़ीलैंड को पेलेगा और इधर पाकिस्तान को पेला जाएगा बिना छीला हुआ, पाकिस्तान में जनता पेलेगा सो अलग , बोनस पॉइंट",0,train
"वो बात करेंगे कब्रिस्तान की,आप बात करो नारी सम्मान की।  वो बात करेंगे गीता रामायण की,आप बात करो भारतीय सँविधान की।",0,train
रुबीका मेहनत तों कोठे पर भी होती है   जा बैठ जा साली रंडी,0,train
#MumbaiRains: भारी बारिश के चलते 'दबंग 3' सहित कई फिल्मों और टीवी सीरियल्स की शूटिंग रद्द  http …  @user,0,train
"#दोस्त ख़रीदे नहीं जाते,  ये तो वो #कमीने होते है,  जो आपको कभी #शरीफ नहीं देखना चाहते !!",0,train
"@user @user @user @user सरकार देशलाई रंडि को नाच न नचा । आफ्नो फाईदाको लागि जईले मन लायो बन्द गर्यो जुन पार्टिले पनि । अलिकती लाज छ भने देश बन्द गर्ने संस्था हरुलाई कार्यवाही गर । विश्व भरीनई हांसो भाको छ,चोरहरु ले देश चलाउदै भनेर । Have some balls and do something",0,train
"मुंबई में पिछले 24 घंटे में 26 की मौत, 44 साल में सबसे ज्यादा बारिश..  लापरवाह सिस्टम ने मुंबई को 'डुबा' दिया?  देशहित @user 8.30 PM",0,train
"पत्थर फैंकता हुआ नही पंडित जी, लोगो के पत्थर खाता हुआ नजर आएगा ये #नीच आदमी !",0,train
"कुतिया ये फ़ोटो तो 2013 की है मेरठ की , और कुत्ते इसको ट्वीट और रिट्वीट कर रहे है , भेनचोद लिखने वाली भी जाहिल अनपढ़ और लाइक और रिट्वीट करने वाले भी जाहिल गँवार क़िस्म के...",0,train
गुदा खाकर नल्ली अंधभक्तो भक्तों की गांड में डाल देंगे इन फ़र्ज़ी देशभक्त और अंग्रेजों के दलालों को।।।,0,train
बिना सब्सिडी का गैस सिलेंडर 100 रुपये सस्ता हुआ लेकिन मीडिया चुप।    10 रुपये महंगा हुआ होता तो अभी तक रंडी रोना रोते,0,train
देश का तिरंगा नीचे ।  भगवा झंडा तिरंगे से ऊपर ।    इस तस्वीर को देख कर आप खुद इनकी मानसिकता का अंदाज़ा लगा सकते है ।  @user @user @user @user @user,1,train
भारत दुनियाँ का एकलौता ऐसा मुल्क है जहाँ 14% अल्पसंख्यको की खुशी केलिए 86% बहुसंख्यको की इच्छाओ और उनके अधिकारों की हत्या होती है।    काश्मीर मे सेना पर पत्थर सिर्फ इसलिए चलाये जाते है क्योंकी पत्थर चलाने वालों को पता हैकी उनके साथ दुनिया भर की इस्लामिक शक्तियाँ एवं सेकुलर जमात है।,1,train
"हरामखोर हरामी पहले आतंकी भेजते हो मंदिर में तोड़फोड़ करने के लिए अब ज्ञान पेल रहे हो,  जिस थाली में खाते हो उसी में छेद करते हो नमक हराम बाइक चोर तबरेज को हिंदुओ का चोला मुस्लिम को पहनाकर मरवाते हो फिर बवाल मचाते हो हरामियों काफ़िर।।",0,train
"आरक्षण का विरोध करने वाले एक बार जरूर देखें।  #scstreservation.  @user, @user",0,train
"घर घर नाली, घर घर गैस  जिसकी लाठी, उसकी भैस!    बनेगा पकोडा, बनेगी चाय  स्कूल कॉलेज, भाड़ में जाये!    आम आदमियों से, मन की बात  उद्योगपतियों से, धन की बात!    वाह रे शासन, तेरा खेल!  न्याय मांगे तो, हो गयी जेल,,,  @user @user @user @user  @user",1,train
"Box Office : 'कबीर सिंह' की धाक के आगे सुस्त पड़ी 'आर्टिकल 15', जानें दोनों फिल्मों की अब तक की कमाई  http …",0,train
तेरी माका भोसड़ा हिजड़े की औलाद कहा से इतना दोगला पन लाते हो बे .मोदी जी इश्के जैसे लंड पकड़ने के सवाल का जवाब नहीं दे पाएंगे तेरे जैसे लंडूरा मिलने के लिए तरसते हे भेनचोद चमचे साले,0,train
"#NitishVIPRaj | This is Modi's swacch Bharat? They should be ashamed, Nitish should be admitted in this hospital: @user MLA, AIMIM & Advocate on @user @user @user",1,train
बेटे तेरे जैसे मेरी कार के टायर साफ करते है 400 रुपये महीने पर     तेरी अवकात पता है भड़वा है तू दंगाई संघ का     तेरी तो ऐसी की तैसी सड़क छाप स्वर की औलाद   चल भड़वी के तू ब्लॉक हुआ अब स्वर के बच्चे,0,train
रीना के अस्पताल से डिस्चार्ज होने के 3 दिन बाद से उसे परेशानी शुरू हो गई,0,train
"किस किस्म के प्राणी हैं ये एंकर्स, अब तो भड़वा शब्द भी छोटा लगता है।",0,train
अरे चूतिया तेरा सड़े दिमाग के सोच के बाहर है मोदीजी की विचार तुम जैसे घटिया शैतान क्या जाने सिर्फ ट्राइबल महिला का बलात्कार करने सिवा खजलिवाल बीवी सोती है सिसुदिया के साथ और तेरेलिये बच्चे पैदा करती क्योंकि लुंड तेरा बोबीटीज़ करदिया गया है,0,train
स्वास्थ्य मंत्री मंगल पांडे की इस्तीफा की मांग करते हुए विधान सभा से विपक्ष ने वाक आउट किया। आरजेडी कौंग्रेस के सदस्य सदन से बाहर निकले।  @user   @user,0,train
गौतम गंभीर मादरचोद अपनी औकात मत भूल जिस जगह से निकला है उसी का सम्मान भूल गया  क्या बे भडुवे भेनचोद,0,train
45 सालों में दूसरी सबसे ज्यादा बारिश में डूबा शहर  Live: http    #हल्ला_बोल @user के साथ,0,train
साबित हो गया है कि @user पक्के #प्रज्ञा_ठाकुर की टोली के साथी है पहले अपमान करो फिर माफ़ी माँग लो भाई @user के चेले जो ठहरे।  @user @user @user @user @user @user,0,train
"चूड़ियाँ ही भिजवा दो हरिया बालम, हम हिन्दू उसी को पहन के रंडी रोना कर लेंगे। और तो कुछ कर नही सकते।",0,train
ये है माँ की असली चुदाई,0,train
अरे पागल जूठा रोज लाईट बंद रखता हें भड्वा,0,train
ये सुअर  है बम  विस्फोट कांड कर देता तेरे  घर में सब कुछ धर्म का पता चला जाता आतंक का धर्म नहीं होता बम  fodane वाले जोर जोर आल्हा हु अकबर kahtaa है ओर आतंकवाद का कोइ धर्म नहीं होता है  तेरे घर में बम  विस्फोट कांड कर देना चाहिए तब पता चल जाता तो सहि होता   जय हिंद जय भारत,0,train
सूअर की चर्बी का तेल पानी डेल्ही बैली का केजरी खान,0,train
"राजनीति से लेकर मनोरंजन जगत तक हर तरह की तस्वीरें देखने को मिलेंगी आपको एबीपी न्यूज़ के इंस्टाग्राम पर, फॉलो करें- http",0,train
"BJP युवा मोर्चा के ज़िला उपाध्यक्ष ने अधिकारी को क्रिकेट का बैट दिखाकर दी धमकी, कहा- काम नहीं किया तो बैट का उपयोग करना होगा।    #MadhyaPradesh #BJP",1,train
तुम्हारे जैसे सूअर की औलाद के चैनल को आतंकी लिखने में शर्म आ रही है 'युवकों',0,train
"चलो जो थोड़ा बहुत पढ़ें लिखे हैं वो तो कर सकते हैं लेकिन जो इन सब चीजों से अंजान है उनके लिए क्या?  Policing morality and humanities पे बल दिजीए आख़िर ऐसी कौन सी नौबत आन पड़ती है कि अपराध दुराचार ज्ञात होने के बावजूद भी पुलिस FIR नहीं लिखती, मामले को रफा-दफा या सुलह कराने लगती है",1,train
देख भोसडीके @user अपुण Celebrity है अभी,0,train
बधाई देने से ज़्यादे महत्व बधाई देने के भाव का देखा.. जब मैं घर पे नही मिला तो वहीं आ गए जहाँ Ito के पास से मैं गुज़रने वाला था..सड़क पे घेर लिये भाई लोग.. गाड़ी से नीचे बुलाए और माँ कालका की चुन्नी ओढ़ाकर आशीष दिया...,0,train
तू #कुत्ते का नही #बिल्ली का #बच्चा है   कुत्ता वफ़ादार होता है   पर तू #बिल्ली का #बच्चा है जो सोचता है #मालिक कब जाए और मैं सब खा जाऊँ..???     BC.. तू कब #देश के #ख़िलाफ़ बोलना छोड़ेगा #बिल्ले,0,train
"#CWC19 गौतम गंभीर बोले, 'कार्तिक और पंत ने की होती धोनी जैसी बल्लेबाज़ी तो टीम से बाहर होते'  @user @user @user @user http …",1,train
सुन बे हरामी की औलाद।। तेरा बुखार उतर जायेगा।।,1,train
बहिन ने नंगी होकर किया मजेदार गाँड - चुत डांस,0,train
"ये जाने देश में कैसी लहर चल पड़ी है। चैनलों की बहस में हिस्सा लेने वाले लोग एंकरों को दलाल, भड़वा, चमचा और जाने क्या-क्या कह रहे हैं। ये तब हो रहा है जब लगभग सारे विपक्षी दलों ने अपने ऑफिशियल प्रतिनिधि चैनलों की बहस में भेजने बंद कर दिए है। नाइंसाफ़ी है ये। ग़लत है।   निंदा कीजिए।",0,train
"मणिशंकर अय्यर को कांग्रेस ने कोई भी नया बयान देने से मना किया था, इसलिए मणीशंकर ने पुराना बयान फिर से दोहरा दिया,  #नीच",0,train
मुद्दत की मुलाक़ातों के बाद ये मका़म आया है ...   हज़ार ख्वाहिशों के बीच एक ख़्वाब का अंजाम आया है ..   मेरी धड़कन ज़रा दिल थाम के  तू चलना...   उसके लबों पे आज मेरा नाम आया है ..    @user @user @user @user  #हिन्दी_शब्द   #बज़्म,0,train
@user पैसे कमाने के चक्कर मे गेम की गान मार दी तुमलोगों ने भेनचोद,0,train
Bina halla kiye dhire se nikal jao nahi to 23 may ko bhagne ka mauka ni milega,0,train
"मुरादाबाद:कलयुगी भाई का अपनी सगी खलेरी बहन के साथ दुष्कर्म करने का प्रयास,मो. अकरम फरार।    युवती को घर पर अकेला देख अकरम ने बुरी नियत से दबोचा।    पाकबड़ा थाना क्षेत्र के नंगला बनवीर गांव स्थित पीड़िता के पति की शिकायत पर मुकदमा दर्ज कर आरोपी की तलाश जारी है।",0,train
"अब ये हलाल करके बच्चे पैदा करेगी, क्यो की कुराण मे लिखा है,की औरत बच्चे पैदा करणे की खेती है  अब ये रंडी बुरखा पहन के घर मे acting करेगी",0,train
"World Cup 2019: निकोलस पूरन बोले, 'भारत के खिलाफ खोया सम्मान पाने की कोशिश करेंगे'  http …",0,train
"Normally when you hit someone with chappal, hitting precedes by some colloquial stuff like भोसड़ीके or something. It's like war cry",0,train
भेनचोद जो report करेल तो दोन बापाचा  @ Ahmedabad railway station http …,0,train
कांग्रेस मुस्लिम #लीग से #गठबंधन करे तो गलत तुम #पीडीपी से करो तो #सही     कितने #कमीने हो #बे #तुम सब  @user @user @user @user @user @user  @user @user @user @user #BJP_भगाओ_देश_बचाओ @user @user,0,train
हम लोगो में ही प्रॉब्लम है बाकी इन दो टके के हरामी सूअर की औलादों की औकात नहीं है कि चू तक कर सके।  इसके दिन भर गए।,0,train
अब एयर इंडिया की मुश्किलें बढ़ने लगी हैं,0,train
देश की राजनीति में आप आदर्श नेता है और यह हम सब मानते हैं अगर राजनीति में किसी व्यक्ति को आदर्श माना जा सकता है तो आदरणीय अखिलेश यादव जी हैं! आप इसी लिए विशेष है !जय अखिलेश विजय अखिलेश,0,train
"अंजना ॐ मोदी   रुबिका लियाक़त   अमीश देवगन   रोहित सरदाना   सुधीर चौधरी   + सभी गोदी पत्रकार     आप लोगों से #KailashVijayvargiya ने आपकी औक़ात पूछी है, प्राइम टाइम में बेशर्मो की तरह जवाब दे दो कि दो कौड़ी की है",0,train
जेपी नड्डा हो सकते हैं @user के अगले अध्यक्ष! पार्टी की संसदीय दल बैठक में मिले संकेत,0,train
"ब्राम्हणवादी #आर्टिकल15 के रीलिज न करने के लिए PM CM व राष्ट्रपति को ज्ञापन दे सकता है तो मूलनिवासीयों को भी रिलीज़ कराने के लिए ज्ञापन व धरना प्रदर्शन करना चाहिए कि नही,यदि हां इस शुभ काम की शुरुआत #बसपा Q नही करता।।  @user @user @user",0,train
बेशर्मी कि हद है पुरा मंदिर गिरा दिया ये दल्ले केह रहे हैं कि शरारती तत्व है यही उलटा होता तो रंडी रोना चालु कर देते,0,train
"अतीक ने कभी स्वाभिमान का समझौता नही किया, आंख से आंख मिला कर बात की चाहे जो रहा हो। ये वक्त की बात है जो लोग आज बकैती कर रहे हैं कभी वो सामने सोफे पर बैठने की हिम्मत नही जुटा पाते थे।  ये ग़रीब लोगों की दुआओ का असर है कि एक मामुली अतीक अपने जीवन मे कई मर्तबा सीधे CM से भिड़ गया।",0,train
"दिल्ली: बीजेपी ने शुरू की विधानसभा चुनाव की तैयारी, जे पी नड्डा बोले- उपहास का विषय बन गई है AAP    #Delhi   http …",0,train
"मुंबई के स्कूल-दफ्तर कल खुलेंगे या नहीं ?  मुंबई की लोकल ट्रेन कल टाइम से चलेगी ?  मुंबई में आज आफत, कल मिलेगी राहत ?  मुंबई की बारिश को किसने बनाया जानलेवा ?    बारिश, बदहाली और बीएमसी...  19 कहानियों में देखिए मुंबई का 'कल'   @user 6:30PM",0,train
मेरी तीन चार सेटिंग थी ट्यूटर पर इस हरामी ने सब को अपने कब्जे में कर लिया मुझे ऐसे ही रख दिया,0,train
आरिफ़ ने रोज़ा तोडकर अजय की जान बचायी थी !    आज अमित ने महफ़ूज़ की मॉं के लिये इसलिये ख़ून डोनेट किया कि किसी को रोज़ा न तोडना पडे !     शुक्रिया अमित भाई !!  मुहब्बत ज़िंदाबाद,0,train
श्रीलंका ने दक्षिण अफ्रीका को दिया 204 रनों का लक्ष्य   #ICCCricketWorldCup2019 #SLvsSA,0,train
"रोहित शर्मा कि सेंचुरी पर चर्चा है,...    बिहार में बच्चों कि मौत का भी सेंचुरी लग चुकी है, लेकिन सब खामोश हैं !  #नीच.2",0,train
जहां देखो चड्डी गमछा वालों को  गांड़ में गोली मरो सालो को,0,train
"चादरमोद महमूद गजनवी पर्चा को क्यो बुलाते हो डिबेट में,मादरचोद पाकियों का गू खाकर आये हुए।",0,train
#भोपाल में #प्रज्ञा_ठाकुर काज़ी को #ईद की बधाई देने गयीं थीं....    अपनी तिपहिया बाईक घर पे ही भूल गई,0,train
लड़ना नहीं ||   पढ़ना ज़रूरी है ||,0,train
SARFARAZ: chlo baaris aaagyii..  UMPIRE: Baris nhi hai log thuk rhe hai tumpe bsdk  @user  haii nA,0,train
@user   देश को गोडसे की जरूरत है और एक नही हजारों में।  केजरीवाल जैसा हरामी बेईमान मादर द जैसा देश में न हुआ है और न होगा।,0,train
"5 लाख मुसलमान उर्स में, अजमेर की दरगाह पर आते हैं, सिर्फ 300 पुलिस वालों के भरोसे,    2 लाख हिंदुओं की अमरनाथ यात्रा के लिए, 80 हजार कमांडो, पैरामिलिट्री फोर्स, तथा करोड़ों के उपकरण लगाए जा रहे हैं    खतरे में हिन्दु हैं..!!",1,train
*गुप्त-धन* रखने से सरकार नाराज    *गुप्त-बात* करने से दोस्त नाराज    *गुप्त-काम* करने से मालिक नाराज    *गुप्त सम्बन्ध* रखने से पत्नी नाराज़     परंतु मंदिर में  *गुप्त-दान* करने से भगवान कैसे खुश होते हैं    *यह नहीं समझ आता है...*   @user @user @user,1,train
"Jab sabhi post par Brahman or Thakur ban jata hai, usi ko Ram rajya kahte hai, baki tamasa to dekh hi rahe ho",1,train
"श्रीराम का नाम लिखकर समुन्दर मे रास्ता बनाया गया था,   आज श्रीराम का नाम लेकर मासूम लोगों को रास्ते से हटाया जा रहा है।",0,train
दिल्लीवालो बधाई हो आपको भाजपा हुआ है ! हमारी गांड भी कोई मरे तो कौमी एकता बनी रहनी चाहिए ! अरविन्द केजरीवाल कौन सा बुरा है इनसे,0,train
"बंदे मे अकड़ तो है जिन्होंने 541सांसद के बीच जयभीम का नारा लगाने की हिम्मत की  बधाई तो बनती है मेरी ओरसे ढेर सारी भीम बधाई ओबैसी जी,,",0,train
"हमें 130 करोड़ देशवासियों के सामर्थ्य, सहयोग और संकल्प से जल संकट का भी समाधान निकालना होगा।    पिछले दिनों मैंने देशभर के ग्राम प्रधानों को ग्रामीणों के साथ जल संचय पर चर्चा करने के लिए पत्र लिखा, उसके बाद गांव-गांव में लोगों ने जल की एक-एक बूंद का संचय करने का संकल्प लिया: पीएम",0,train
यह हरामि दिल्ली मुसलमान को तालिबानी कह रही है इसको सही जवाब मिलना चाहिए दिल्ली वालों जवाब दो इसको तालिबानी किसे कहते हैं,1,train
अगर #Manchester में 300 पार है तो  #Muzaffarpur में भी 100 पार है...  जश्न और मातम के बीच खड़े हम भारतीय...,0,train
"स्नेहा मैम, ये कहां कुछ जानती हैं-कन्हैया इनकी नजरों में कतई सरीफ आदमी है, JNU की टुकड़े-टुकड़े गैंग भी बहुत सरीफ है, देशविरोधी नारे लगाने वालों का समर्थन करना कोई अपराध नहीं है, पत्थरबाज भटके हुए नोजवान हैं, अल्लाह हु अकबर बोल के विस्फोट करने वाले वो इस्लामी नहीं हैं।",1,train
"छोटी कहानी , बड़ा सन्देश    हैलो सर , मैं #वृद्धाश्रम* से बोल रहा हूँ , अखबार में आपके कुत्ते का फ़ोटो और विज्ञापन देखा कि वह लापता हो गया है , आपके घर का कुत्ता हमारे वृद्धाश्रम में आ गया है और आपके #माता -#पिता* के साथ खेल रहा है , आप यहाँ आकर अपने *#कुत्ते* को ले जा सकते हैं ।",0,train
"प्रियंका चोपड़ा छोटे छोटे कपड़े पहनकर अपने पति के साथ दिखने लगी तो कुछ लोग प्रियंका को भारतीय संस्कृति की याद दिलाने लगे,  अरे भइया काहे इतना परेशान हो रहे हो! प्रियंका अपने ससुराल के रंग में ढल रही हैं उन्हें अब ससुराल की संस्कृति का भी तो ध्यान रखना है।     #PriyankaChopra",0,train
"#BEDTET2011बेरोजगार  @user @user यह कैसे देश/प्रदेश के तानाशाह मुखिया हैँ जो #BEdTET2011 के बेरोजगारों की #दयनीय हालत पे आँख बंद किये मदमस्त हैँ...#गूंगे,#बेहरे,#कुत्ते,#कमीने..नेताओं से भी बदतर..  @user  @user @user @user @user @user",0,train
"आज भी हमारे देश में कुछ लोग टीवी, बेड, फ्रिज 21 साल तक नहीं खरीदते  ये लोग लड़के की शादी का इंतजार करते हैं",0,train
देश का 22 करोड़ मुसलमान ही काफी हैं। पाकिस्तान को ख़त्म करने के लिए.    @user @user @user @user @user,1,train
hey bro hv u ever heard the word-'भोसडीके' http …,0,train
"तबरेज लिंचिंग का जिक्र संसद मे हुआ,    पर #भरत_यादव, #ट्विंकल, और प.बंगाल की हत्याओं का क्यों नहीँ हुआ??    #तबरेज चोर होकर भी सरकारी नौकरी दे गया,    लस्सी वाले भरत यादव का परिवार भूखा ही रह गया।    हिंदू गौरक्षक गुंडे हैं,और मुस्लिम चोर देशभक्त हैं, शायद इसलिये #साहब छाती पीट रहे है?",1,train
"#ZairaWaseem ने जिस ईमान की दुहाई देकर फिल्मों को खुदा हाफिज कहा है, क्या नुसरत जहां, जोया अख्तर और कौसर मुनीर का ईमान उनसे कम है?",1,train
"वैसे तू रात में अपनी बहन को नीचे से डालता होगा  वो भी ओरिजनल और आधी रात के बाद पड़ोसी से डलवाता होगा     और तेरी मा तो मोहल्ले की रजिस्टर्ड रंडी होगी   ,",0,train
"5 बच्चे लापरवाही से मरे तो जापान का PM इस्तीफा दे देता है हमारे यहां 200 बच्चे मरने पर भी बेशरमों को शपथ ग्रहण से फुर्सत नही,,",0,train
"अन्य पार्टियों को छोड़कर भाजपा  में शामिल होने वाले विधायक ओर  सांसद गंगोत्री में गोता लगा कर देश  भक्ति का सर्टिफिकेट प्राप्त कर रहे हैं,,,",0,train
#Alwar में बीजेपी सांसद महंत बालकनाथ का हेलीकॉप्टर लैंड करते समयअचानक बेकाबू हो गया और हवा में लहराता हुआ दिखने लगा।,0,train
तू ख्वाब ही देखते रहे लुंड फकीर।साले UP वाले ही तुजे लतिया न दे तो कहना।,0,train
कुछ हरामी देश को बर्बाद कर रही है    खास कर हिन्दुओ को,0,train
कुत्तों को भी यही वार करना चाहिए।   #कुत्ते,0,train
क्या हमारे देश की जनता इतनी नासमझ है? क्या 70 साल पहले के जिम्मेदार नेहरू जी है???    अपने वादे को पूरा न करने पे देश को 70 साल पीछे क्यो लेकर जाती है BJP? इस समय के बदहाली के जिम्मेदार कौन है?    हमेशा नेहरू को कोस के कोई सरकार कैसे चला सकता है? खुद की कोई जिम्मेदारी है कि नही?,1,train
"आतंकी व पत्थरबाज,  पर उससे भी पहले हमारे वीर सैनिक ...",0,train
"तुम भेनचोद पिछले 30 वर्षे से पिछडा, अगडा, दलित, महादलित करके बिहार को बर्बाद कर दिया",0,train
"दिल्ली: मनोज तिवारी का सिसोदिया पर 2,000 करोड़ रुपये के घोटाले का आरोप, केजरीवाल बोले- गिरफ्तार करके दिखाएं    #Delhi  http …",0,train
संसद में असदुद्दीन ओवैसी ने बीजेपी को कई मुद्दों पर घेरा. @user,0,train
सत्येंद्र जैन के द्वारा मेरे खिलाफ मानहानि का केस किया गया था    श्री @user जी की दलीलों के बाद आज अदालत ने इस मुकदमें में मेरे खिलाफ जो नोटिस दिए गए उस नोटिस पर रोक लगाने का आदेश दिया है,0,train
देश मे 100 से अधिक बच्चे बिहार के मुजफ्फरपुर में #ChamkiFever के कारण अपनी जान गवा बैठे उसको दरकिनार कर के लोग भारत की क्रिकेट में जीत की खुशी मना रहे है 80% लोगो को तो जानकारी भी नही होगी और कुछ लोग जानना ही नही चाहते ।,0,train
चड्डी में है हरामी .. लगता है करने जा रहा है,0,train
"घर में जब #बेटी आए तो दहेज का जुगाड़ मत करना, उसे #शस्त्र  खरीद कर उपहार देना   खाना #बनाना नहीं, बन्दूक चलाना सिखाना बिटिया को,क्यूंकि देश के कुछ पालतू #कुत्ते पागल हो गए हैं",0,train
कमेंटेट-: 'मैन ऑफ द मैच' में क्या लेंगे?    इमाद वसीम-: जी दो रोटी दे दीजिए बस,0,train
अंग्रेज़ों की शक्ति का सामना करने के लिए उन्होंने नये सिरे से सेना  #लक्ष्मीबाई,0,train
"अंतर्राष्ट्रीय योग दिवस पर @user ने 300 स्थानों पर योगा शिविरों का आयोजन किया,उस्मानपुर गांव के योगा शिविर में @user के राष्ट्रीय महामंत्री श्री @user जी,केंद्रीय मंत्री श्री @user जी एवं क्षेत्रीय निवासियों  सहित योगा अभ्यास कर योगा के प्रति प्रोत्साहित किया",0,train
"ओ हार्पिक मैं सोच रहा था,भोसडीके अनसन पर बैठा है और बहुत जल्द निपटने बाला है, तो फिर कोन भोसडीके ये ज्ञान पेल रहा है।अनसन करने वाले का बाप मैं @user follow me",0,train
I knew you would not support bhagwa. Mera bhai hai tu. I love too janeman <3<3<3,0,train
संकट हरै मिटे सब पीड़ा.. जो सुमिरै हनुमत बलबीरा..   #जय_श्री_राम  #शुभ_रात्रि,0,train
माधरचोद तेरे को पाकिस्तान बुला रहां है वहा जाकर शांतीसे पुरे परिवार या पुरे खानदान के साथ जाकर गौतम बुद्ध के तरह क्यो नही पाकिस्तान मे अपने बिचार को रखता माधरचोद तेरी मां बहन बेटी बीबी हर रोज हलाला का आनन्द लेती है मगर जब पाक चले जाओगे तो वह भी खुद को सुरक्षित मेहसुस करेगी हरामी,0,train
कश्मीर के पत्थरबाज दिल्ली में आये ?  या दिल्ली ने अपने पत्थरबाज तैयार कर लिए ?,0,train
"श्रीलंका का एक और विकेट गिरा, तिसारा परेरा 21 रन बनाकर हुए आउट #SLvsSA #ICCWorldCup2019",0,train
"हाँ बिलकुल भाजपा और अमित शाह की ज़िम्मेदारी है ,विपक्ष तो केवल एक विशेष समुदाय के लिये रंडी रोना करने के लिये और चूड़ियाँ तोड़ने के लिये है बस ।  ख़त्म हो जाओगे यही सेलेक्टिविजम की राजनीति करते हुए।",0,train
बाकी मिडिया ये खोजती रहती है किस गाय तस्कर के साथ मारपीट की किस चोर उच्चके को हिन्दुओ ने पीटा किसकी टोपी उछाली किससे राम नाम बुलवाया। कोई भी मुसलमान कितना बड़ा कांड करदो पर कभी भी ये नही बतायेगे  ये कांड कर दिया।जिन हिन्दुओ की वजह से इनके चेनल चल रहे है उनके साथ नमक हरामी करते है,1,train
"कर्नाटक: कांग्रेस को बड़ा झटका, विधायक आनंद सिंह ने दिया विधानसभा से इस्तीफा    #karnataka  http …",0,train
अगर आप प्रेग्नेंसी के दौरान नाइट शिफ्ट करती हैं तो कुछ चीज़ों का ध्यान रखिए.,0,train
क्योंकि सहमति इतना बेच चुका है कि अब सहमति का परिभाषा और प्रयोग भुल गया होगा हरामी सब ।  हरामखोरों के पास ना रूह बची ना शरीर ।  हिंदू क्यों ना डरे या आदत बदले हरामी जज ही जब चरित्रहीन हो ।    @user,0,train
चंद्रशेखर आज़ाद आनंद भवन से नेहरू से मिलके निकले।  कुछ ही देर मैं अल्फ्रेड पार्क मैं पुलिस उनके ऊपर हमला कर देती है।    वो वीरगति प्राप्त कर लेते है।    क्या यह बहुत बड़ी साजिश नही थी ठरकी की।    फॉलो करे @user,0,train
"ये कुत्ता नहीं जायेगा वहाँ , मुल्ला भग जायेगा इसका हरामी का ,जय श्री राम",0,train
और रंडी देखना है तो तेरी मां को देख लो,0,train
सिख धर्म मानवता का रक्षक है ना कि जातिवादी मानसिकता का गुलाम!!  @user,1,train
"ये बढ़िया बकचोदी है, पहले अल्लाह के नाम पर नंगा नाच करो फिर भाईचारे की दुहाई दो। मस्जिद पर कोई सुअर मुह भी कर दे तो संविधान खतरे में पड़ जाता है यहां मामला सुलझ गया...!   2002 भूल गए हो न, याद ताजा करानी पड़ेगी।",0,train
तू हवा के रुख पर चाहतो के दीप जलाने कि जिद न कर  ये कतिलो का शहर है यहाँ मुस्कराने कीं जिद ना कर. #Lynchistaan #India  @user  @user @user,1,train
हमारे साथी गुलजार सिद्धिकी को मुस्लिम होने की वजह से जेल भेजना और झारखंड में तबरेज अंसारी की मोब लिंचिंग की घटना से पता चलता है कि देश मे मनुस्मृति लागू हो चुकी है और विपक्ष मौन साधकर उन्हें मूक समर्थन दे रहा है।,0,train
"वेस्टइंडीज-श्रीलंका का मुकाबला जारी, करुणारत्ने और कुसल परेरा क्रीज पर   #SLvWI #ICCWorldCup2019",0,train
अबे कुत्तों के पिल्लो जब बिहार में बच्चे मर rhe थे तो तुम सूआर  बन कर गू खा rhe थे,0,train
"1984 सिख दंगो की फाईल दुबारा खुलेगी -- अमितशाह   सर गोधरा के दंगो की फाईल कब खोलोगे,,",0,train
अजमेर में में भी रहता हूँ सोफिया स्कूल में एक लड़के की एंट्री नही है सिर्फ़ गर्ल्स स्कूल है ऐसी तो घटना नही आई अखबार या न्यूज़ में वरना अब तक दलाल पत्रकार रंडी रोना शुरु कर देते,0,train
"अरे वो मादरचोद कजरी  @user  कहां मर गया अब ,भोसड़े वाले मुंह को लकवा मार गया क्या बे चूतिए",0,train
भडवे को भडवा  कह रहे हैं तो ग़लत क्या कर रहे,0,train
"Aap ne record votes se Azamgarh jeeta hai ! Ek din aise hi aap Hindustan jeetenge!  Sikandar haarte nahi hai.  Dukh ko gale laga , taqdeer tere kadmo me hogi ! To mukkadaar ka baadshah hoga ! Aap ne record votes se Azamgarh jeeta hai ! Ek din aise hi aap Hindustan jeetenge!Sikandar haarte nahi hai.Dukh ko gale laga , taqdeer tere kadmo me hogi ! To mukkadaar ka baadshah hoga ! …",0,train
विमल को देखने आए नीतू के पिता बोले     हमें विमल पसंद है...     तभी विमल के बापू बोले पर हमें तो कमलापसंद है     नीतू का बाप झिला उठा ओर बोला भोसडिके रिश्ता हम नीतू बिटिया का लाए है उसकी माँ कमला का नहि,0,train
"बिल्कुल सही कहा आपने In rail मंत्री, ऊर्जा, संचार मंत्री को भी निजी हाथों में सोंप देना चाहिए",0,train
सबसे बड़ा हरामी तो तू खुद है साले । सच सुनते ही इस सूअर की गां## में मिर्ची लग जाती है ।,0,train
अपनी ट्रेनों को भी कभी चेक कर लिया करो ।।ट्रेनों के ऊपर जिहादी सुअर भगवान के लिये गाली लिखते है,0,train
"अरे सिरखुजेवाला    हमने सोचा कोंग्रेस में बेवकूफ, डफोल, हरामी देशद्रोही, कमीना एक विचि ही है लेकिन फिर याद आया कि यहाँ इस पार्टी में तो सारे इन्ही गुणों वाले ही लिए जाते है।",0,train
वर्तमान परिस्थितियों में ये नाम #लक्ष्मीबाई और अधिक  प्रासंगिक हो गया है। आज उसी साहस और शौर्य की  आवश्यकता है।  सुप्रभात  मधु जी!,0,train
"नेपाल ने भारतीय सब्जियां खरीदने से किया इंकार सैकड़ों ट्रक भारत नेपाल सीमा पर अटके मतलब चौकीदार का डंका नेपाल में भी बज रहा है,,  @user @user @user @user",0,train
इतनी जल्दी तो रंडी भी कोठा नहीं बदलती जितनी जल्दी तु अपनी बातों से पलट जाता है  समझ में नहीं आता तुम्हारे पिछवाडे़ में कौन सा कीड़ा घूंसा है चैन से रहने नहीं देता है तुम्हें।,0,train
"अबे कटे लंड के औलाद, रंडी खातून के पैदाईस सुन, अगर गलत को गलत मान रहे हो तो मर्यादित भाषा में टिप्पणी करो।",0,train
Rajmahal loksabha ki public meeting... मुझे दुःख हो रहा है कि helipad पे भारी धूल होने के कारण मैं निशिकांत दुबे जी की सभा में बड़ी कोशिश के बाद भी उतर नही सका.. @user @user,0,train
भडवा गर्दी के पैसों से ख़रीदी है क्या कार,0,train
"ये रहें #PlayAndWinOnZee के 1 जुलाई के विजेता, आप भी खेलें और जीतें PAYTM कैश ईनाम, क्लिक करें - http",0,train
जिस देश में #कन्हैया_कुमार जैसा पढ़ा लिखा युवा हार जाए #आतंकवादी_प्रज्ञा जीत जाए  उस देश की जनता को  भगवान भला करे||,1,train
कादर खान और शक्ति कपूर दोनों बन जाओ तो दोनों बच जाएंगे।  आउं। लोलिता।,0,train
हूतिया उसको लूंड बोलते है      तू भोसडी के नोटा लायक ही है,0,train
"किसी हरामी से पूछा गया,    हस्तमैथुन क्या है ,    उसने कहा ,    अपने ही लंड को चूतिया बनाना .....!",0,train
अबे सूअर खोर ओवैसी मस्जिद टूटता तो तुमलोग क्या करते,1,train
एक शख्स ऐसा भी है जिसका नाम मोदी है   पैर से लेकर सिर तक सिर्फ और सिर्फ झूठ फरेब धोखेबाजी नमक हरामि गद्दारी देश के प्रति दिखाई देती है  आक थू थू मोदी नाम पर,0,train
#AIMIM National Spokesperson @user live on @user  #AarPaar  @user  @user,0,train
"ऐयर फ़ोर्स के 13 “जाँबाज़” और एक “जहाज़”  लापता, लेकिन किसी भी “एंकर” की “देशभक्ति” जागृत नहीं हो रही..........फ़्रॉड कहीं के.",0,train
"मुंबई में जलभराव का मामला विधान परिषद में गूंजा, विपक्ष ने शिवसेना को बताया जिम्‍मेदार    #MumbaiRainsLiveUpdates #MumbaiRainlive #MumbaiRain",0,train
तेरे बाप का क्या जाता है ? तूने आजतक क्या किया बे सुअर ?,0,train
"सबसे बड़ा ट्वीटर का गाँड़ मरवाओ है निर्मल , इसकी मौत ओवर डोज़ के कारण नही  जरूरत से ज्यादा लंड ले गया  जिसमे दो तीन नीग्रो थे",0,train
वो हरामी मरा हुआ हो जाता है,1,train
"बिल्कुल सही, औऱ एक चोर की मौत पे रंडी रोना भी।",0,train
*जायरा बसीम ने इस्लाम का हवाला देकर*    *बाकी सभी मुस्लिम कलाकारों को*                  *हरामी एवं हराम का खाने बाला सिद्ध कर दिया*               *वी एस सनातनी*,0,train
सही एकदम इसलिये इंसानियत को मरने मत दो,0,train
भोसंदी वाले कुतिया की पैदाइश अपना गान्द खुज्लीवाल पप्पू से फड्वा  बीजेपी वालो के चक्कर मे पडेगा तो सूअर की औलाद तेरे पिछवाडे टाका भी लगाने लायक नही बचेगा कुतीया की पैदाइश,0,train
"चुनाव के पहले आख़िरी ‘मन की बात’ में मैंने कह दिया था कि मैं कुछ महीनों के बाद फिर आपके पास आऊँगा।Actually मैं आया नहीं हूँ - आप ही मुझे लाए हैं, आपने ही मुझे बिठाया है और आपने ही मुझे फिर से एक बार बोलने का अवसर दिया है:  पीएम @user #MannKiBaat",0,train
"क्या हो गया है दिन्दुओ को एक मुस्लिम धर्म गुरु लाइव टेलीकास्ट मैं दुर्गा को रंडी और हिन्दुओ को सैकड़ो अपशब्द कह के चला जाता है और इस देश मे न विरोध न कोई केस दर्ज, ये चेनल वाले TRP के लिए हिन्दुओ को गाली देने ऐसे कमीनो को अपने शो पर जगह देते हैं   @user पर कैसेदर्ज़ हो",0,train
ज़ालिम के आगे जो भी बगावत नहीं करता                            अल्लाह कभी उसकी हिफाजत नहीं करता !!                               हम  भूल  गए  अपनी  तारिख  को  वरना                                  गीदड़  कभी  शेरों  पे  हुकूमत  नहीं  करता !!,0,train
Masterpiece...    पठान ने एक दिन अपने नौकर की गांड मार दी  नौकर:मैंने क्या गलती की हज़ूर  पठान:तेरी गलती के लिए हम कब तक इंतज़ार करेंगे भोसडीके,0,train
सुबह से शाम तक हिंदू मुसलमान कर नफ़रत फैलाने वाला @user कल तक #Shami के बारे में क्या राय रखता था!   क्या ये बेशर्म माफ़ी मांगेगा ?,1,train
"Explained: जल संकट है देश की सबसे बड़ी समस्या, नहीं किए गए उपाय तो बूंद-बूंद के लिए तरस जाएंगे लोग http … #WaterCrisis #WaterCrisisInIndia",0,train
"आप ताजमहल को इतना महत्व देते हो???    इस मंदिर के आगे ताजमहल कुछ भी नही है!    श्री रानी सती माता मन्दिर झुंझुनु, राजस्थान!    #जय_माता_दी",0,train
भुजंगासन नियमित रूप से करने पर पीठ दर्द में आराम मिलता है। इस आसन के कई सारे फायदे हैं। #YogaDay2019,0,train
"बूम बूम बुमराह, मुस्तफिजुर की गाँड से निकाल दिये खजूर",0,train
भैया जी हम लोगों को घर से निकलने की आवश्यकता है सड़क से सदन तक विरोध प्रदर्शन करने की आवश्यकता है वरना हम लोगों को हथियार उठाने पर मजबूर होना पड़ेगा,0,train
रंडी बाजार में भड़वागिरी करने वाली पुलिस हलाला की पैदाइशों को कैसे रोक सकती है। अभी तो ये हरामजादे पुलिस वालों के घरों की इज्जतों को खुलेआम तार-तार करेंगें और पुलिस वाले सिर झुकाए वर्दी का जनाजा उठते देखेंगे।रिश्वतखोरी ख़ून में बदबू के सिवाय कुछ नहीं मिलेगा।,0,train
"हमको कोई फर्क नहीं पड़ता भाई,...कोई मंदिर तोड़े या कोई रेप करे,..खाओ खुजाओ बत्ती बुझाओ!! हरामी हिन्दू!!  #हिंदू_हराम  @user @user @user @user @user",1,train
Chad gundan ki chati PE......10 sheet le gyi haati wali.....Aur babua ke haate me de gayi katora.......,0,train
चल साले निकल  मदरसा छाप मादरचोद भोसडीके खुद तुम अपनी .... साले भाग,0,train
"#PragyaSinghThakur ने देश के पहले आतंकवादी को #देशभक्त कहा, भाजपा ने किया साफ इनकार, अब #नीच अपने “बाप” का नाम भी खुलकर नहीं ले सकते!",0,train
भेनचोद भिमटो की जली बर्नोल लगाव,0,train
Aap to Pura family ko le.dube Bhaiya ji ....but koe Nhi hm sab Aap ke sath h ....,1,train
इस्लामिक आतंकी थे वो हरामी ये आतंकी जहाँ भी थोड़े ज़्यादा होते हैं वही आतंक फैलाते है इन आतंकियों को देश से बाहर फेंकना चाहिए,0,train
जब रोहित से एक विश्वकप में 4 शतक लगाने का सवाल पूछा तो मिला ये हैरान करने वाला जवाब,0,train
ये कौन कह रहा है कि हुकूमत से डरेंगे।  गिर जायेंगे तो उठेंगे फिर उठ के लड़ेंगे।।,0,train
ये बचपन नहीं जवानी है सड़े लूँड,0,train
पत्थरबाज और वहाँ के दोगले नेता जो खाते हिंदुस्तान की है और बोलते है पाकिस्तान की भाषा।।  वहाँ के लोग जो जरूरत पड़ने पर भारतीय सेना की मदद लेते है और बाद में उनपर ही पत्थर मारते हैं।।,0,train
अबे रंडी तेरे भेंन का भोंसड़ा कटवे लोगो का faith है और जब बात हिन्दुओ की हो तब तेरे चुत में कौवा हग देता है क्या बे तेरी मैया के बुर चोदो मादरचोद भडवी की औलाद साली कुत्तिया छिनैल रंडी भडवी कुते की पैदायश मादरचोद सुवर के झांट की बाल साली कुत्तिया रंडी भेंनचो,0,train
#वो मेरा #खत पढ़ के रोने लगी ...और  #नजदीक  #आकर *बोली    #राइटिंग #सुधार #कमीने कुछ समझ नहीं आया।.. हद है यार,0,train
"#GhantiBajao में आज रात 10 बजे @user के साथ देखिए    जायरा का मजहब-मजहब... तो मुमताज,नर्गिस, मीनाकुमारी का धर्म क्या ?    जायरा को अल्लाह ने नहीं 'कठमुल्लाओं' ने भटकाया !",0,train
".@user का एक और रिकॉर्ड, एक World Cup में 4 शतक लगाने वाले पहले भारतीय बने  #CWC19",0,train
"ज्यादातर भाजपायी या तो अपराधी, हत्यारे या महिला छेड़छाड़ के दोषी है, ऐसे मे BJP नेता साधना सिंह अगर दलित, पिछड़े और वंचितो की महिला नेता मायावती को अभद्र शब्द और गालियां देती है तो ये RSS की संघी मानसिकता को प्रदर्शित कर रही है, सम्पूर्ण RSS और BJP महिला विरोधी और दलित विरोधी है।",0,train
जब इसके जैसा लौंडा रंडि नाच के लिए पहुँचेगा तो संसद नौटंकी हाई लगेगा।  जैसा आदमी वैसी सोंच,0,train
#आतंकवादी हमले के आरोपी साध्वी #प्रज्ञा_ठाकुर का संसद पहुंचना भी शर्मनाक है     क्या जाकिर मूसा     क्या साध्वी प्रज्ञा सिंह ठाकुर     धर्मो मे क्या रखा है,1,train
डलहौजी का नाम बदलकर #लक्ष्मीबाई नगर रखा जाए।,0,train
YADAV ji log etna sath diye hote to 5 cit n jiti hoti sp,0,train
गर्भवती महिलाओं को सूर्य ग्रहण पर इन बातों का ध्यान जरूर रखना चाहिए.,0,train
#मणिशंकर_अय्यर कुत्ता #जिन्दा हैं... कैमरा देखते ही भोंक ने लगा.... मोदी जी को फिर #नीच कहा.... कल मायावती ने कहा था जो गाली देने का काम करे गाली दे....तो हो जाओ शुरू..,0,train
India vs England Match Preview: मुश्किलों में घिरे मेजबान इंग्लैंड के सामने भारत की अजेय चुनौती  http …,0,train
"भेनचोद, हम का क्या माँ चुदाने इतनी मेहनत करके टेक्स भरते है..ताकि तुम इस तरह पैसे उडाओ. भोसड़ीकी कांग्रेस का बाप का पैसा है क्या...जो किसानो पे उड़ा दिया. बस किसान और जवान ही सब करते है इस देश में. बाकी सब लोग तो चुतियापा करने के लिए पैदा हुए है इस देश में.",0,train
"#चोर,#नीच चौकीदार अपनी हद में रह, और अपने #दलाल चौकीदार  की गुलामी कर।",0,train
पाखंडियो को अंधभक्त चाहिए...  चाहे किसी भी धर्म के अंधभक्त हों...  'क्योंकि अंधभक्त अधिकारों की लड़ाई नही लड़ते...।।',0,train
"अरे मादरचोद,  जसा ट्वीट तसा रिप्लाय",0,train
रात को #रजाई ने फिर ताना मार दिया     बोली #कमीने इस साल भी अकेला ही,0,train
कांग्रेसियो की हार देखकर #कुत्ते भी शर्म से मर रहे हैं पर #चमचे हैं कि चाटे जा रहे हैं,0,train
तू भी तो भड़वा ही है भाया। तेरे तो २ करोड़ भी नहीं।  भाड़ में घुसकर मर लंका पति @user,0,train
"आजकल वो जीव-जंतु किधर हैं जो 2013 में कहते थे,    एक बार मोदी 'G' की सरकार आ जाए तो हम लाहौर तक पहोंच जाएंगे?",0,train
इस हरामी को चौराहे पर उल्टा लटका कर मारो।  कानून तो सत्ता के हाथ की रखैल बन चूका तभी मुजरिमों की हिम्मत बढ़ गई है।  वरना एसे पागल कुत्तों को चैराहे पर गोली मार देनी चाहये।,0,train
निशांत वर्मा वेश्यावृत्ति की उपज है या गटर के सुअर का औलाद।।,0,train
ज़ायरा का फिल्मी सफर 5 साल में तीन फिल्मों का ही है.   (@user),0,train
भक्तणो के अच्छे दिन आने वाले है..    राम रहीम को अच्छे आचरण के कारण पैरोल पर रिहा कर रही है...     भक्तीनो सज धज के तैयार रहो... आप के पिया जी आ रहे हैं....    #गुफा गुलजार रहे...,0,train
त्या मनोज राणेला काढून टाका म्हणावं मला पक्या समर्थक  म्हणाला तो आणि शिव्या दिल्या मी भडवा आहे म्हणून  माझी इज्जत काढतो का तो? आणि अपमान करतो?,0,train
एक छोटी सी बच्ची गली में #कुत्तो को देखकर #डर गई..#कुत्ते #बोले निकल जाओ बेटी :#हम_कुत्ते हैं #मुसलमान नही #घबराओ_मत बेटी    #JusticeForTwinkleSharma,0,train
लुंड लेले मेरा 7 सीटो पर तु बहनचोद,0,train
अजी उनके मुख से गाँड तक लबालब कर देंगे,0,train
मोदी जी से एक ही बात है अगली बार सरकार बने या नहीं बने लेकिन इन सूअर हलाला की पैदाइश मुसलमानों को बरदाश्त नहीं  कर सकते उन्होंने हिंदुओं की घर पर घुस के मारेंगे मंदिर के देवी देवताओं को तोड़ेंगे मंदिर को नुकसान पहुंचाएगा और हम इनका विश्वास जीतेंगे जो संभव नहीं दिल्ली वाली घटना,1,train
2016 में बेंगलुरू में हुई आरएसएस कार्यकर्ता रुद्रेश की हत्या का मामला। सुप्रीम कोर्ट ने पॉप्युलर फ्रंट ऑफ इंडिया (PFI) के बेंगलुरु जिलाध्यक्ष आसिम शरीफ की याचिका खारिज की। शरीफ ने NIA अदालत में अपने ऊपर हत्या के आरोप तय होने को चुनौती दी थी,0,train
गौरक्षा के नाम पर भीड़ एकत्र करके किसी बेगुनाह को मारने वालो! ये कायरता है।   असली मर्द वो है जो चुनौती देकर किसी अकेले के सामने अकेला ही खड़ा हो।     #MobLynching #Gaurakshak,0,train
लेकिन हमारे कालोनी शिवपुरम बशारतपुर पूर्वी गोरखपुर में जो सुअर घूमतीं हैं उसका क्या होगा,0,train
हमे मालूम है तुम्हारे पास ख़ूब बहाने है हमे सताने के   हमने भी अब ढूंढ लिए है रास्ते तुम्हारे करीब आने के    नईम   #बज़्म #हिंदी_शब्द  @user @user  @user @user  @user @user   @user @user  @user @user,0,train
वो कुछ लोग जो मुल्ले है वो रिश्ते में तेरे बाप लगते है समझा सूअर,0,train
"Yesterday, India was fighting as seriously against England as Pakistan fighting against terrorism      #INDvsEND",0,train
"उस्मान मियाँ के पीठ में दर्द हुआ    अल्ट्रासाउंड केलिए radiology पहुंचा..    डॉ: “कमीज़ उतारो, पजामे का नाड़ा खोलो, उल्टे लेट जाओ...”    उस्मान मियाँ :- “ मे के रिया था के पहले अल्ट्रासाउंड कल्लेते।”",0,train
"नेता मौज मार रहे हैं तो तू क्या गांड मरवा रहा हैं भोसडीके , तु क्या लखनऊ से चुनाव लड़के वैज्ञानिक बनने गया था लव्डे !",0,train
पूर्व सांसद अतीक अहमद के पीछे खड़े शख्स को गौर से देखिए ये मोहित जायसवाल है ये हमेशा अपने फायदे के लिए अतीक अहमद के आगे पीछे घूमता था बीजेपी के इशारो पर अतीक अहमद को बदनाम करने के काम किया।    कमजोरों पर जुल्म होता देख खामोश हो जाना  बगावत है फरमाने इलाही से।  फिर किसी भी धर्म का हो।,0,train
"नाहि,  ये तो  #डरा_हुआ_मुसलमान वाली केटेगरी मे आता है",1,train
"#KaviKumarAshok की शानदार कविता !   #Poet_of_Love #हिंदी_शब्द   आप को स्कूल-कालेज के दिन याद आ जायेंगे, आपक की प्रेयसी इस कविता में आप को नजर आ जाएगी।आप के दिल को छूनेवाली प्रेमरस की कविता जरूर सुनिए। @user @user @user",0,train
#गौतम_गंभीर और #कन्हैया_कुमार ने मुसलामनों पर हमले पर आवाज़ उठाई    #MINO... http  via @user,0,train
क्यूँ कि म.प्र. सरकार “केंद्र” सरकार को “अच्छी” नहीं लगती.,0,train
200 करोड़ रुपये के टैक्स चोरी के एक मामले में टेंपो चालक सुरेश गोहिल के घर छापा मारा गया  (@user),0,train
"BSNL HAL ONGC बेच के खा हरामी पिल्ले, उसके बारे पता करो ।",0,train
तुम सुअर की औलादे कुछ भी करे वो दिखाए तो काफिर,0,train
आज सब निर्मु की गाँड़ ले के मानेंगे,0,train
Boy 1 ; भाग भोसडिके...  Boy 2 ; कहाँ ???    Boy 1 ; लवड़े तू युसेन बोल्ट तो है नहि जो मेरथोन दौड़ अमरीका निकल जाएगा । घर ही निकल ले,0,train
"तो, उड़ने वाली मछलियाँ(flying fish)हरामी होगी ?",0,train
"RT JSINGH2252: भैनचोद,, तेरी तो माँ चोद देंगें, भोसड़ी के,, साले कटुए  http …",0,train
Lagta hai ab yogiji ne Ghar mein AC fit karwa liya hai. Jaraa policewalon ki salary bhi rewise karo,0,train
"जेल में बंद बाबारामरहिम का बीजेपी की हरियाणा सरकार ने अच्छा आचरण बताया ताकि इसे जमानत मिल सके और ये बीजेपी का प्रचार कर सके   ये है बीजेपी की हकीकत,,,",1,train
"CM @user नें मेरठ को कैराना बनने से बचाया,नमाजियों द्वारा खरीदे गए सारे मकानों की रजिस्ट्री रद्द होगी।  हिन्दू वापस आने लगे। CCTv  कैमरे लगे।    ADG प्रशांत कुमार और SP नितिन तिवारी को फटकार,नितिन ने ऑफ़ कैमरा स्वीकारा कि पलायन हुआ है,प्रहलाद नगर ही नहीं,4 मोहल्ले और हैं।",0,train
"'सिस्टम' की नाकामी ने मुंबई को डुबो दिया?  मुंबई में बरस रही आफ़त पर क्यों सियासत?  मुंबई की 'बेबसी' के लिये BMC नहीं मीडिया ज़िम्मेदार?  हर साल तबाही से BMC-सरकार सबक क्यों नहीं सीखती?  'भगवान भरोसे' सरकार, मुंबई में कब तक 'आफ़तकाल'?      11 AM @user पर",0,train
"#AIMIM Chief @user  says to the Chair, 'AAP referee hai, pls don't be part of the game .'  #ParliamentSession",1,train
"जीत से 2 विकेट दूर टीम इंडिया, मुर्तजा 8 रन पर आउट  http",0,train
ख़्वबों मै तेरा दीदार हो रहा हैं ।  ऐ सनम.......  मुझे प्यार तुझसे बार बार हो रहा है।।  #बज़्म   #हिंदी_शब्द   #alfazmere   #jaykealfaz,0,train
हाथी चले अपनी चाल   #कुत्ते भौंके सौ हज़ार     #फ़र्ज़ी_पोंगा_पण्डित,0,train
मौन और मुस्कान    दोनों का इस्तेमाल कीजिए.        मौन रक्षा कवच है।   तो मुस्कान स्वागतम द्वार .!!  #शुभ_रात्री,0,train
छोटे भाई का मोटा लुंड ने मिटाया मेरा हवस,0,train
"मेरे बिहार k परिजनों,ऐसी सेवा करना इस #कमीने की,k फिर आतंकवाद की किसी b type की कोई सेवा करने k योग्य ही न रहे!हमें ऐसे सेवक नहीं चाहिए जो हमारे #रक्तवंशियों को उजाड़ कर #मलेच्छों k लिए खड़े2 #प्राण लुटाते हों!  #भाई_से_भाई_लड़वाएगा_तो_मार_ही_खाएगा न!ये #म्लेच्छ गुजरात पर #कलंक h!",0,train
"रुख बदल दूँगा इन हवाओं के,   शर्त ये है कि साथ निभाते रहिए !!   जब भी लडूं आपके हक के लिए,   बस आप आवाज से आवाज मिलाते रहिए  मिशन   #GoBackModi   #बीजेपी_भगाओ_देश_बचाओ  @user @user @user @user",0,train
"अच्छा है कि बिहार के स्वास्थ्य मंत्री पांडे हैं, और बिहार में बीजेपी सरकार में है, वरना बिहार में जंगल राज आ गया होता! बच गया बिहार!",0,train
"------------------  #Species से याद आया,  #बरकी को काट खाओ, और #कुत्ते से प्यार 'दिखाओ' !!!  कमाल करते हो #पांडेजी !!",0,train
दो कौड़ी के दलाल दलाली करनी है शौक से कर हुकूमत का लेकिन अगर जाट मजहब के ऊपर कुछ बोलेगा तो म****** इतना जूता पड़ेगा तुम्हारी मां का च** कि तुम्हारा बाप मोदी भी नहीं बचा पाएगा बड़वा हरामि तुम्हारी मां का च**,0,train
"MP: जर्जर मकान को ढहाने से रोक पर HC का इंकार, आकाश विजयवर्गीय ने इसी के लिए की थी बैटिंग    #AkashVijayvargiya   http …",0,train
भेनचोद जब देखो तब उलटा हगती है,0,train
"कई लोगों ने मुझे चुनाव की आपाधापी में, मैं केदारनाथ क्यों चला गया, बहुत सारे सवाल पूछे हैं।    ज्यादातर लोगों ने उसमें से राजनीतिक अर्थ निकाले हैं।मेरे लिये, मुझसे मिलने का वो अवसर था: पीएम @user #MannKiBaat",0,train
Ek kadam apke pita shree ne uthaya tha guest house me ek app utha do..apne house me.,0,train
मुंबई वालों की ज़िन्दगी में 'चिंताओं की बारिश' का विश्लेषण    #DNA रात 9 बजे @user के साथ,0,train
"अबे लौंडे भेनचोद ये विडीओ मे मुस्लिम एंगल कंहा से लाया?  मतलब इसके लिए #सादिक खान जिम्मेदार,    तो   ये चमकी बुखार से 250 बच्चे मरे,  गोरखपुर मे 300 बच्चे मरे,  100+ सैनिक मरे,  तो इसका जिम्मेदार तेरा अब्बा मोदी,योगी,नितीश हे के? मने पूछ रिया",0,train
भाई आपका लुंड कटा है की नही,0,train
ज़ुल्म इतना बुरा नहीं जितनी  बुरी तुम्हारी खामोशी है...     हक़ बोलना सीखो वरना पीढियां गूंगी हो जाएंगी...,0,train
जो सपने देखे वो पूरे कर रहे हैं.. और भी बहुत कुछ करने हैं   http …,0,train
15 वर्ष तक कांग्रेस के कुशासन ने भ्रष्टाचार के कई आयाम लिखें तो पिछले 53 महीने से दिल्ली में एक झूठ परोसने वाला सरकार का मुखिया है- श्री @user,1,train
ये वो हरामी है जो अपनी ही माँ के गर्भ को लज़्ज़ित कर कुछ चन्द वोटो के लिए उसे ही कोठे पर बैठाने में लगा हुआ है पर सुन जयचंद तेरे जैसे सुअर को इस देश की किसी भी माँ की आन से खेलने नही देंगे।,0,train
".......  ज़ोर से हिला कर देखा, फिर भी कोई आवाज नहीं आई।    फिर उसने जोर से मुक्का मारा...तो ततिया अलमारी से बाहर आकर रोते हुए बोला:    टिंग टोंग रे मादरचोद टिंग टोंग!!!",0,train
"हिन्दुओं जो शीशे टूटे वहीं देखते रहना ,.अब जागो और अपनी सुरक्षा स्वयं करें । दिल्ली का मुख्यमंत्री इतना हरामी है ,और उससे भी बड़े हरामी वह हिन्दू हैं । जो लालच में आकर इसे वोट दे , गौ हत्या करने वाले अखलाक को एक करोड़ दे आया और ध्रुव त्यागी के लिए मर गया था भडूआ । केजरीवाल हरामी",0,train
अपनी गर्लफ्रेंड की कार में चुदाई,0,train
"देशभक्त साथियों  अपने प्रिय सांसद को फोन/SMS कर एकबार जरूर पूछिए कि:    समान शिक्षा, समान चिकित्सा, समान नागरिक संहिता, धर्मांतरण विरोधी कानून, जनसंख्या नियंत्रण कानून और घुसपैठ विरोधी कानून कब बनेगा?    चुनाव सुधार, पुलिस सुधार, न्यायिक सुधार, शिक्षा सुधार और प्रशासनिक सुधार कब होगा?",0,train
"ये सुअर अपनी माँ बहन के साथ भी येही करता होगा, इमारती ताई को ये video कोई भेज दो सायद नींद खुल जाए..",0,train
#कमीने मोलाना अरशद कासमी को 14 दिन की न्यायिक हिरासत में जेल भेजा गया!!    #कल इसने SC की महिला वकील के साथ LIVE बहस में गाली- गलौज व मारपीट की थी!!    #भारतीय न्याय-व्यवस्था की जय हो??,1,train
?कैसे  मुकदमा  लङेगी  फातिमा रन्ङी  तू  अपनी  तन्हाई  का ?     ?हर  हिन्दु  लन्ङ   गवाह  है  तेरी  मक्का  मदीना  मे  चुदाई  का  ?    ?अल्ला झूठा मुल्ला झूठा झूठी सारी खुदाई  ?    ? चुत मिले अगर मुल्ली की तो कर दो जम के चुदाई ?    ? वैसमोल ने किया कमाल  ?    ?,0,train
तू सही से पढ़ लिया कर रंडि साली,0,train
जब तक महत्वपूर्ण मुद्दे पे मुँह को नही खोलोगी  तब तक देश लंबी उड़ान नही भर पाएगी। देशहित में जारी।    नोट :- रुबिका से कोई लेना-देना नही है,0,train
"मुज़फ़्फ़रपुर अपडेट   मुज़फ़्फ़रपुर 97  वैशाली 15  मोतिहारी 5  सीतामढ़ी 2  समस्तीपुर 1    आप सब चुप बैठो रहो धर्मवाद का मजा लेते रो, ये तो प्राकृतिक की देन है या फ़िर इस महीने की?? सरकार की कोई जिम्मेदारी नही है।    उम्मीद करता हूँ ये महीना और प्राकृतिक किसी राजनेता के घर भी दस्तक दे।",1,train
जँहा मिली   तवा-परात!  वंही गुजारदी सारी रात!!  Hahahahahahaha    जितनी छूट मिलेगी ...  इनकी खुद की #हलाला वाली मानसिकता और #नीच प्रवर्ति के होने का प्रमाण पुख्ता होगा।  बाकी सरकार इन्हें सिर पर बैठा के नाचें... मुझे फर्क नही पड़ता..  स्वार्थी और लोभी प्रवर्ति जन्मजात हर जीव की होती है,1,train
हो म हरामी छु  म साच्चिनै हरामि छु।  किनकि तिमिहरुको व्यवहारले मलाइ हरामि हुन बाध्य बनाउछ।,0,train
कोंग्रेसी अपनी औक़ात पर आ गए आख़िर में...  इंदिरा गांधी को माँ गंगा से तुलना कर रहे है जिसने सीखो को मरवाया और मोदी को गाली दे रहे है जिसके साथ देश खड़ा है...  अधीर चौधरी भोसडीके,0,train
लुंड की प्यासी रंडी ने लुंड को चूस -चूस कर पिया,0,train
सालासर बालाजी बाबा के प्रातः दर्शन का आनंद लें.. दूसरे भक्तों को भी बाबा के दर्शन का आनंद दिलायें.. सालासर बालाजी महाराज की जय..  #जयश्रीराम   #जय_बजरंगबली_की   #हर_हर_महादेव   #हिंदी_शब्द,0,train
"सच कह दो बुरा मान जाते हैं लोग...  मासूम को जब ट्विटर पर लाकर सेल करने की कोशिश हुई,तभी लगा था कि उसकी किस्मत इतनी अच्छी नहीं जितना दिखाने की कोशिश की गई.हे ईश्वर! उस मासूम का ख्याल रखियेगा",0,train
"#राह चलते# पागल बनते हैं #दोस्त, @%@#Cold_Drink बोल के #दारु पिलाते हैं दोस्त,  कितने भी #कमीने हो पर काम पड़ने पर# हमेशा @आगे रहते हैं #दोस्त !! http …",0,train
सुप्रीमकोर्ट के आदेश पर देश के अनाथआश्रमों में लड़कियों की स्तिथी जानने का काम एक संस्था को दिया गया इस संस्था को 9 राज्यों ने आडिट करवाने से मना किया जिसमें 8 में बीजेपी की सरकारें हैं   आखिर कारण क्या है ?,0,train
केजू की माँ की खोपड़ी।ये भड़वा मुल्लो को दलाल है,0,train
राहुल गांधी ने जम्मू-कश्मीर की राजनीतिक स्थिति और सुरक्षा पर की चर्चा    #RahulGandhi   http …,0,train
#CWC19 #INDvsBAN   #Bangladesh के खिलाफ #TeamIndia ने टॉस जीतकर लिया पहले बल्लेबाज़ी का फैसला.   @user @user   http,0,train
"एक अकेले शख्स को मार मार कर जय श्री राम कहलवाना वीरता या रामभक्ति नहीं बल्कि बुजदिली और शैतानियत है,  मर्यादा पुरुषोत्तम भगवान राम के आदर्श तो कुछ ऐसे हैं जो इस वीडियो में फिल्माया गया है. उस समय रामराज शायद ऐसा ही रहा होगा",0,train
"दिल्ली: मंदिर में तोड़फोड़ का मामला सुलझा, अमन कमेटी की बैठक में हुआ तय- मुस्लिम वर्ग बनाएगा मंदिर    http …",0,train
क्यों सूअर अपनी असलियत पता चली तो बुरा लगा,0,train
गाजियाबाद के इन्दिरापुरम में मस्जिद को लेकर भगवाधारी संगठनो ने उत्पात मचाया था आज भीम आर्मी चीफ चंद्रशेखर आज़ाद रावण' ने ऐलान कर दिया कि वे इन्दिरापुरम जाएंगे और उत्पात मचाने वालो से उन्हीं की भाषा मे बात करेंगे प्रशासन के हाथ पैर फूल गए और 'रावण' को डिटेन कर लिया  @user,0,train
"योग नहीं मेडम ढकोसला करेंगी  साथ में आप भी कर लेना,,,",0,train
अबे पहले खुद पर रिसर्च कर ले.... पक्का भड़वा है,0,train
मोदी के लिए एक ही शब्द काफी है #नीच,0,train
"तस्वीर तेरी मेरे दिल की दीवार पर, न जाने कब से छपी  हसरतें तुझे अपना बनाने की,हैं कब से इस दिल मे दबी    ~अशोक मसरूफ़  #बज़्म #TMG #दिल #अदब #शायरी #kavya  #हिंदी_शब्द #शब्दनिधि #शब्दशक्ति  #शब्द   #बज़्म_मासिक_प्रतियोगिता #बज़्म_ए_इख़लास  @user @user   @user",0,train
संविधान = सम + विधान   = सबके लिए एक समान विधान   = एक देश - एक विधान     Uniform Civil Code लागू होना ही चाहिए    6 जुलाई - श्यामा प्रसाद मुखर्जी जी के जन्मदिन के दिन शाम 5:30 pm इंडिया गेट    जरूर आइये  @user @user,0,train
#पप्पू एक दोस्त की #शादी में गया...  #पंडित_जी--#पूजा की #थाली_लाओ  #पप्पू_थाली ले आया...  पीछे से #पूजा भागती हुई आई...  --खाना तो खाने दे #कमीने...,1,train
"नाम लिख दे, डर क्यों रहा है भोसड़ीके",0,train
"झांसी की आन, बान और शान की रक्षा के लिए अपने प्राणों की आहुति देने वाली वीरांगना #महारानी_लक्ष्मीबाई जी की पुण्य स्मृति को कोटिशः नमन।  #लक्ष्मीबाई ने अपने शौर्य व सैन्य कौशल से रणभूमि में अंग्रेजों को धूल चटाई व इतिहास में अपना नाम स्वर्णिम अक्षरों में दर्ज कराया।  @user",0,train
"पहले कश्मीर मे भारत की जनता के पैसे से भारत विरोधियों को सुरक्षा दी जाती थी।    हमने सुरक्षा का रिव्यू किया और 2000 मे से 919 लोग,जिन्हें भारत विरोधी बयान के कारण सुरक्षा मिली थी,उनकी सुरक्षा को हटा लिया।    भारत विरोधी पाक न्यूज़ चैनलों को बंद किया: @user",0,train
Biahar m bukhar s 69 bachhe mr gye o kisi Ko nhi dikh rha h,0,train
#कुत्ते और #मुर्गे आदि लड़वाने वालों बेज़ुबान #जानवरों से भी बद तरीन और #लानती हैवान नुमा #इंसान है जो दुनिया के चंद #सिक्कों के लिए यह घिनौनी काम करते हैं,0,train
"इंसानियत दिल मे होती है,  हैसियत में नहीं...  ऊपरवाला कर्म देखता है,  वसीयत नहीं.....!!    #जय_श्री_राम     #शुभ_रात्री",0,train
तुझे तो उछल के आना ही था। मुसलमान गऊ तस्कर मरा था आखिरकार। रंडी रोना तो मचाना ही था। बाकी cases के टाइम तो ना तेरा मुंह खुलता है कुछ बोलने को और न ही उंगलियां फ्री रहती हैं ट्वीट करने को।,0,train
"Meanwhile ---- China Xi Jin ping has sent a message to Modi----- भोसड़िके , अगर यह तीन तलाकि  , right to privacy,... http",0,train
विडंबना     पानी पूरी भले घर की बनीं खाओ  या बाजार मे जाकर खाओ    हर एक पानी पूरी का हिसाब होता हे  गिनती होती हे,0,train
Statue of Unity के मुद्दे पर @user और @user में घमसान | #AarPaar @user  के साथ @user पर. 1/2    @user,0,train
"ये जो अंजना,  रुबिका , सरदाना लिंचिंग की खबर पर तुलनात्मक विश्लेषण करते हैं ना ये विश्लेषण नहीं होता ये उसे जायज़ ठहराना होता है ।  अगर मगर लेकिन अब तब ये सब अपने सरकार माई बाप के दामन पर लगा खून का धब्बा चाटने के लिए किया जाता है ...     Via @user",0,train
"“In Gurugram Muslim man told to remove skullcap,chant Jai Shri Ram”.   It is deplorable. Exemplary action needed by Gurugram authorities. We are a secular nation where @user writes “ओ पालन हारे, निर्गुण और न्यारे” & @user gave us d song “अर्ज़ियाँ” in Delhi 6.",1,train
भोंडी के रंडी बज के बेटे तू चुप रह,0,train
ये गंड मरी किसके लिए लड़ रहीं हैं अगर लुंड चाहिए तो एक एक करके ले ले,0,train
"SC ने चुनाव आयोग से EVM, VVPAT से संबंधित याचिका पर दो हफ्ते में मांगा जवाब",0,train
अल्लहा ही हराम है और हरामी भी,1,train
"दिल्ली बीमार कहां हो सरकार! :- अंजना ओम कश्यप    बिहार बीमार,  क्या करेगी सरकार,   डॉक्टरों को पकड़ते हैं यार। :- बिकाऊ दलाल अंजना    एक ही देश एक ही परिस्थिति मे 2 तरीके से सवाल किए जाते है दलाल पत्रकारों द्वारा इस लिए हमारा भारत अब महान हो रहा है।    #AnjanaOmKashya",0,train
नीम का पत्ता कड़वा है ध्रुव राठी अपनी...का भड़वा है,0,train
ख़्वाबों में हकीकत हो! ज़रूरी तो नहीं ||  उसे भी मेरी ज़रूरत हो! ज़रूरी तो नहीं ||  मेरी हर इक साँस पर है नाम उसका पर |  उसे भी मुझसे मोहब्बत हो! ज़रूरी तो नहीं ||    ~ शाहरुख सिद्दीकी   #shahrukhsiddiqui @user,0,train
"हरामजादे सुअर की औलाद, तू और तेरी पूरी कौम घटिया है। अगली बार किसी हिंदू को काफिर बोला तो जहां से आया है वहीं वापस भेज दिए जाओगे।",0,train
अमें! सामने मीडिया और कैमरा ऑन करवा कर साधना में कौन लीन होता है!   हद हो गयी नौटन्की की     #ModiInKedarnath,0,train
यह है मुसलमान का असली ईमान जिसे हमें दुनिया से बचाकर आखिरत के लिए रखना है    बाबा जी से पूछा गया कि आप ने वजन के नीचे पेपर क्यूँ रखा तो फरमाया मैं सिर्फ चाय की पत्ती बेच रहा हूँ कागज नहीं। इतनी बारीकी से ईमान की हिफाजत करते हैं।  अल्लाह हर मुसलमान के ईमान की हिफाजत फरमाए ~ आमीन,0,train
18 साल का सैनिक शहीद हुआ तो वह बच्चा नहीं था और    25 साल का पत्थरबाज मारा जाए तो वह बच्चा था  कौन सा नशा करते हो दोगले @user @user @user @user,1,train
सोनिया जी की मिमिक्री करते ऑस्ट्रेलिया के प्रधानमंत्री ..   'किथना अच्चा हे मोदी',0,train
आ गईं रंडी जू । जहां मुसलमान दोषी होता है वहीं इसकी जल जाती है,0,train
"इस गोडसे वादी को #प्रज्ञा_ठाकुर ,जैसा ट्रीटमेंट कि जरूरत है...",1,train
"मादरचोद चपगंजू जी, क्या है न अब तक किसी मंत्री को गिरफ्तार नहीं किया गया है देश में , तू तो गलती से उप मुर्ख मंत्री है, और डेल्ही पुलिस भी तेरे हाथ है जिसका तू फायदा उठाएगा",0,train
मैडम पहले अल्लाह हु अकबर बोलकर सुअर मंदिर तोड़ते है और फिर हम जय श्री राम बोलकर उनको तोड़ते है। लेकिन मस्जिद नही।,1,train
सब हरामी गिधड इकठ्ठे हुए है।        व्हिडीओ मे नहीं। ट्विटर पर।,0,train
मणि शंकर अय्यर सही कहते हैं   #तेजबहादुर #नीच   #चुनाव,0,train
#कांग्रेसभवन के सामने @हवन....  लगता है 2019 के #हवनकुंड में लगभग सभी #बेशर्म और #नीच  स्वाहा हो जाएंगे?,0,train
लुंड की प्यासी बुआ को बजाय,0,train
जो बातें तो नैतिकता की करता है पर  सुधींद्र कुलकर्णी से लीये हुए cash for vote  Scams के पेपर छाप ने के बजाय कांग्रेस को  बेच दिया वो  भाष्कर का भड़वा दामाद,0,train
भड्वे कामचोर लोगों की पार्टी समाजवादी पार्टी तुम्हारे 2 MP सूअर की औलाद हैं जिन्होने जया प्रदा को तवायफ कहा वो साले  सूअर की पैदायश हैं।,0,train
जिंदा लाशों की भीड़ है चारो तरफ...    मौत से भी बड़ा हादसा है ज़िन्दगी...,0,train
"सुन बे मादरचोद, फैमिली को दोबारा बीच में लाया तो अलवर से दिल्ली तक कुत्ता बना कर मारते हुए ले कर आऊंगा",0,train
हे सगळं पाहणारी आजुबाजुची लोकं पण त्याच #निच प्रवृत्तीची असतील...,0,train
"बहोत नाज़ है मुझे खुद पर,                  क्यों कि  मैं गुलाम ए मोहम्मद ﷺ हूँ।",0,train
"बहिंन @user जायरा के ऊपर डिबेट करने के उतावली हुई जा रही थी?क्योकि बात हिन्दू-मुस्लिम की थी    लेकिन बात जब कर्मचारी को बैठ से मारने की आती है, पत्रकार को औकात दिखाया जाता है, बच्चे मरते है? तब हमार बहिंन गूंगी बन जाती है।    क्योंकि बात तब इनके आका के इज्जत की आ जाती है।",0,train
नृत्य होगा..!  संगीत होगा..!  जीवन मे उत्सव होगा..!  'वह'आतुर है प्राणों में उतरने को..  'तुम'हृदय दुवार तो खोलो..!  जगह तो खाली करो..!  #हिंदी_शब्द,0,train
ये सब कुछ जाँच के लिये हो रहा है या चुनाव जीतने के लिये ? एक “सत्य”सवाल !    @user,0,train
मैं मा. प्रधानमंत्री आदरणीय श्री @user जी चाहूंगा कि 'वन नेशन वन इलेक्शन'पर चर्चा करने से बेहतर है आप वन नेशन वन एजुकेशन के लिए सभी विपक्षी पार्टियों के अध्यक्षों को आमंत्रित कर देश मे एक शिक्षा प्रणाली लागू कराने के लिए जोर दें ताकि गरीब व अमीर को एक समान शिक्षा मिल सके।,1,train
Me: पाकिस्तान से जीत गए अपने लिए तो वही वर्ल्ड कप था     Also me : अरे मादरचोद भेनचोद अफगानिस्तान से हारोगे क्या,0,train
"हर रोज की तरह शुरुआत MLA दफ़्तर से,  10 से 1 बजे तक जनता मेरे पास आती है,  फिर 2 से 6 बजे तक मैं अपनी जनता को मिलने उनके पास जाती हूँ :).  बस यह सिलसिला पिछले 52 महीनों से यूँ ही चलता आ रहा है।",0,train
कोई कह रहा है #AkashVijayvargiya असल में क्रिकेट की खिलाड़ी है     विश्वकप में शामिल ना किए जाने पर खफा थे,0,train
सारे सेक्यूलर बुद्धजीवी अभी अपनी माँ चुदवाने में व्यस्थ हैं!  अभी किसी मुल्ले को किसी अपराध के लिए दो चमाट मार दो सारे रंडी के किड़े मकौड़ों की तरह बाहर आ जायेगें हरामी !,0,train
"अगली बार कोई ऐसे मैसेज करे तो उसको ऐसे रिप्लाई करना     'तो तेरी अम्मा चुदा कहीं जाके भैन के लौड़े, तेरी मां की चूत गांडू, नही तो तेरी गांड़ में सरिया गर्म करके घुसेडूंगी और तेरे मुँह से निकालूंगी मादरचोद'",0,train
तो फ़िर घर की ओरत को ओरत ओर मजबूरी मे पैसा लेकर नाचने वाली को रंडी कियो कहते हो,0,train
"पैदल यात्राओं में जा कर फोगट का भंडारा खाने से भला नहीं होने वाला है, मेहनत करके घर का भंडारा खाने से भला होगा।  @user",0,train
अबे मदरसा छाप bsdk जा कर पंचर लगा भेनचोद तुम लोगो ने देश को बर्बाद  है mc जिहाद कर कर के bc,0,train
ये दीपक शर्मा मेरे पैगम्बर को गाली दे रहा है   ऐसे लोगो की वजह से माहौल खराब हो सकता है ऐसे लोगो को तुरंत केस करके जेल में डाले  @user @user @user @user @user @user @user @user @user,0,train
"जिनके मन में भारत का विरोध है, उसके मन में डर पैदा होना ही चाहिए: गृह मंत्री अमित शाह।    जे बात!!  #हिन्दी_शब्द #Viral_SMS",0,train
"क्या बे हुतिया,  #TempleTerrorAttack पर कौन ट्वीट करेगा ? हरामी बीजेपी वाले जानमुझ कर दुर्गा मंदिर से सबका ध्यान भटका रहें हैं",0,train
"ये @user महानीच हरामी है , मूल्लो का समर्थक औऱ हिन्दुओं का दुश्मन है , हमेशा ईद पे इफ्तार पे जाली टोपी पहन पत्तल चाटने पहुँच जाता है , इस की फटती है मुस्लिम उपद्रवियों लिखने क़ो .",1,train
@user मूझे लगता है कि आपको @user को दो चार छपेड लगानी चाहिए । मोदी को  मुस्लिमों की गांड चाटने कि शौख लग गया लगता है।    हिंदुओ मर रहे है और ये मियाँ अपने मुस्लिम लोगों की सहायता करने में लग गए है ।,0,train
मंदिर तोड़े जाने को छिपा कर पार्किंग विवाद की प्रमुखता दिया जा रहा है ..24 घण्टे तक खबर को दबा कर रखा गया और अब लीपा पोती कर रहा ये निष्पक्ष मिडिया जो सिर्फ एक टोपी उछल जाने की घटना को मोबलिंचीन करार देकर रंडी रोना करता है,0,train
"पूर्वांचल के गली गली में मोदी मोदी गूँज रहल बा..  जात पाँत के गिरल देवलिया,सब विकास के पूज रहल बा..  महामिलौटी गिरल बनौटी सब अपने में जूझ रहल बा,  हर हर मोदी घर घर मोदी, सबके फुलवे सूझ रहल बा @user",0,train
"एक बार आकर मुस्कुरा दो, मैं सच मे फिर से जी उठूंगा  तुम्हारा तो कुछ न जाएगा,मैं तो सारे इल्जामों से बचूंगा    ~अशोक मसरूफ़  #बज़्म #TMG #दिल #अदब #शायरी #kavya  #बज़्म_मासिक_प्रतियोगिता #बज़्म_ए_इख़लास  #हिंदी_शब्द #शब्दशक्ति #शब्दनिधी #शब्द   @user @user   @user",0,train
"कल कांग्रेस को संसद मे एकाएक लगा होगा कि इससे भला आदमी तो मोदी है, अमित शाह तो कांग्रेस को  बुरी तरह जलील करता है",1,train
जयपुर हस्टल की चुदाई 2 s,0,train
शशि थरूर टाइप हरामी है या आर॰एस॰एस॰ का रसिया टाइप महाहरामी?,0,train
ये भोसडीके अभी तक आश्रम चला रहे हैं इतना होने के बाद भी,0,train
"#Mani_Shankar_Iyer तुम #कमीने आदमी, तुमने हमारे आदरणीय श्री नरेंद्र मोदी को '#नीच' कहा था ? तुम तो गटर के कीड़े के सिवा और कुछ नहीं। @user @user @user @user @user @user @user @user @user @user @user",0,train
¶¶सिमटकर चूड़ियों में   छुपने लगा शायद  मैंने जो चूम लिया उसको¶¶    ¶¶मुझको चुभने लगा शायद  मैंने जब आगोश में   भर लिया उसको¶¶    ¶¶मुझसे जलता है तेरा  कंगन शायद...  मैंने जो इश्क कर  लिया है उसको¶¶  ~#साहिब१    #चूड़ी #कंगन  #हिंदी_शब्द  #शब्दनिधि,0,train
"नहीं, ये कटुवे मादरचोद गद्दार, बेईमान, हरामी होते ही हैं।   गांडू पैगम्बर ने इन कुत्तों को यही सिखाया है। अत्याचार, दुराचार, हत्या, लूट पाट, दूसरे की सम्पत्तियों को छीनना यही आसमानी किताब की शिक्षा है।",0,train
"हिजड़ो से एक मंदिर नही बचता है और सपना देख रहा है राम मंदिर का  @user क्यो भड़वा सही कहा ना, तुम्हारे अब्बुजान कितना डरे हुए है बेचारे हिजरो को मेरठ से भगा रहा है और दिल्ली मे मंदिर के मूर्तियाँ तोड़ा जा रहा है ये सब कही RSS और भगवे वाले तो नही कर रहे है",0,train
अबे भड़वा शुरू कर देते हो हर समय धर्म का बात। गांडू कितना पैसा मिलता है बाप से पर ट्वीट का।,0,train
"मुस्लिम महिला को तलाक देने पर 3 साल का सजा अच्छा है ,  लेकिन समझ से परे है कि हिन्दू महिलाओ को तलाक देने पर सिर्फ 1 साल का सजा ये कैसा इंसाफ है श्रीमान मोदी जी ।  मुस्लिम बहनो पर ज्यादा मेहरबान है bjp wow",0,train
Delighted to receive my brother & President of @user Shri @user Ji & Head of Media Relations Sh @user Ji in my office.     I congratulated them on the party's stupendous show in the capital & discussed several issues pertaining to development of Delhi.,0,train
मधरचो #@#है हरामी को फांसी होनी चाहिये,0,train
तो तूने क्या किया है सिवाय धरना देने के ? bjp का नाम लिए बिना तुम सुअर लोगों का खाना नहीं पचता । bjp से बेहतर व्यवस्था तूने अपने पूरी बाप जिंदगी में नहीं देखी होगी ।,0,train
आज का #हिन्दी_शब्द                           स्वतंत्र लेखन        सभी रचनाकार हमारी e पत्रिका शब्दनिधि के लिये अपनी रचना हमे प्रेषित कर सकते है ।    आप सभी #हिन्दी_शब्द व #शब्दनिधि टैग जरूर लगाये ।  http शब्दनिधि,0,train
इस कऊए को कोई नहीं पूछता ajkla ? भडवा है साला,0,train
उत्तराखंड शिक्षा मंत्री श्री अरविंद पांडेय जी के आवास में जाकर उनके युवा होनहार पुत्र अंकुर के आकस्मिक निधन पर शोक संतप्त परिवार को सांत्वना देकर अपनी शोक संवेदना व्यक्त की।ईश्वर पवित्र आत्मा को अपने चरणों मे स्थान दे एवं शोक संतप्त परिवार को दुःख सहन करने की शक्ति प्रदान करे।,0,train
किस चैनल ने दिखाया कि दिल्ली और जयपुर में मुसलमान दंगाई अल्लाहू अकबर और नारा ए तकबीर चिल्लाते हुए हिंदुओं पर हमले कर रहे थे। किस चैनल पर प्राइम टाइम डिबेट हुआ। शांतिवार्ता का लाइव प्रसारण नही हुआ तो पेट दुखने लगा। लिबरल पत्रकार का रंडी रोना,1,train
पपू का बच्चा अब सुप्रीम कोर्ट पैदा करेगा।पपू का लुंड में अब दम खत्म हो गया।,0,train
"रंडी मीडिया,   तुम क्या सोचते हो? हिन्दू मंदिरों में तोड़ फोड़, हिन्दू घरों पर हमले की खबरें नहीं दिखाओगो तो हम हिंदुओं को पता नहीं चलेगा?",1,train
"अपने हिन्दू के सेकुलरिज्म नेता जैसे अखिलेश यादव,#डॉग मायावती #डॉगी और अपने आप को महापण्डित बताने वाला राहुल गांधी #सुअर किस के विल में है।  हां अभी अभी मालूम हुआ है।  अखिलेश #डिम्पल के पल्लू में।  मायावती #बबुआ के बाप के साथरात बिता रही है।  राहुल गांधी #अपनी माँ, बहन(#rd)के साथ पाए",0,train
"वर्ल्ड कप 2019 #INDvsBAN - 315 के लक्ष्य का पीछा करने उतरी बांग्लादेश को लगे चार झटके, अर्धशतक बनाकर डटे हुए हैं शाकिब    http …  #IndiaVsBangladesh #Shakib #RohitSharma",0,train
तेरी कौम के 500 सुअर आतंकवादियों ने दिल्ली में मंदिर तोड़ दिया।उसके बारे में तेरा क्या कहना हे।,0,train
बाहर के देशों में मरवा कर आ जाती है यहाँ मरवाने। वहाँ शायद कोई इसकी तसल्ली नहि कर सका तो यहाँ आ गयी पर इसको पता नहि इस जैसी की तो हमारे यहाँ के #कुत्ते भी नहि लेते,0,train
देश को अब पता चल चुका है कि भाजपा का असली चाल चरित्र और चेहरा कैसा है ~ वो एक अतंकवादी #गोडसे को सपोर्ट करते है और महात्मा गांधी से नफ़रत ~ #प्रज्ञा_ठाकुर और हेगड़े ने वहीं कहा जो इनके बड़े नेता हमेशा से कहते रहे है  ~ यही #गोडसे प्रेम #RSS aur #BJP की सोच है ~ #AbHogaNYAY,1,train
वाह भेनचोद क्या डबिंग है,0,train
@user अबे गिरिराज हिजड़ा की औलाद मादरजात महबूबा मुफ्ती के पीछे मत पड़ो अपनी मां के ब** में जाकर के जिम्मे तरसे बिहार में मछली का उत्पादन करने तो गांड में बांस हो जाएगी मादरजात इंसेफेलाइटिस  से 5000 बच्चा मर गया मर गए ये क्या मुफ्त में पैदा हुआ है रंडी की औलाद,0,train
When narratives like #SaffronTerror #Hinduphobia #डरा_हुआ_मुसलमान failed the west funded @user came up with web series like #Leila with concocted #Aryavart Talibani Hindu Ruler ....सच्ची इतिहास से विपरित     Try it out Bibi you have to sulk grieve more for this  http …,0,train
Are ye madharchod log k फितरत में हैं मार खाना   साला चूतिय सुक्र कर की इंडिया में नहीं मैच हो रहा है वरना भोसडीके तुम तो मार खाते ही तुम्हारे अब्बू को भी मारता सब मिलके,0,train
आपको तो सबसे ज्यादा...गाँड़ में रॉकेट डाल के बांग्लादेश को प्लूटो पे रवाना कर दिया।,0,train
गोदी जी गोबी जी खुद तो बेरोजगार रहे पर जब बेरोजगार लङके लङकियां नौकरी मांगते हैं तो उन पर दुश्मनों की तरह लाठियां चलवाने से नहीं चूकते...!!  @user @user @user @user @user @user,1,train
#IndianElections2019  दुख इस बात का है कि अब #प्रज्ञा_ठाकुर जैसे आतंकी अभियुक्त लोकतंत्र के मंदिर 'संसद' में बैठकर उसको अपवित्र करेंगे।,0,train
"आत्मा गिरवी ? - ये धंधा भी करते हो क्या पाखंडी आदमी    बच्ची के नाम पर खिलवाड़ का जो धंधा तुमने चलाया है उसे मक्कारी कहते हैं    बच्ची को तुमने नहीं लोकल लोगों ने बचाया था, तुमने झूठा क्रेडिट लिया    अपनी फ्लॉप फ़िल्म के नाम पर बच्ची का नाम रखना शर्मनाक भी था और छिछोरा भी",1,train
#वफादारी की जब भी मिसाल दी जाएगी यकीन करना #Shehzad का नाम #कुत्ते से पहले लिया जाएगा ।,0,train
"साले मदार जात, तू कभी मिल तुझसे रंडी का नाच जरूर करवाऊंगा।",0,train
@user क्या चूटियापा हो रहा है तब हिन्दू मुसलमान कब एक साथ रहा बे सरदाना सूअर के बीज पाकिस्तानी कुत्ते,0,train
Ram Naik hi hain U.P. k governor???Muh me dahi jma K baithe hain kya...,0,train
इस्लाम और मुसलमान से ज्यादा हरामी और बेगैरत कौम नहीं देखी....,1,train
दोबारा #नीच शब्द का इस्तेमाल करते हुए मणिशंकर अय्यर ने दुनिया को बताया कि वो अभी भी जिंदा है...और सातवें दौर से पहले भाजपा समर्थन में अपना कॉन्ट्रिब्यूशन देना चाहता है...!!,0,train
"कर्पया शांती रखो, पुलिस को काम करने दो, थोडा समय दो,   पैसा नही चाहिये इन हरामी लोगों से, हिंदू पैसे से लाचार नही है,",0,train
@user : पकिस्तान ज़िंदाबाद नारे बाजी की जाय और कोंग्रेसी नेता गन मन ही मन में हस्ते रहे क्योकि मुस्लिम वोट ट्रूस्टी कॉन वह लायक.राजीव गाँधी के लुंड से पैदा हुए है इस के लिए लायक.भले भारत देस की माँ-भेन मुस्लिम चोदे वह लायक सही है भिड़ु लगे रहो.,0,train
सूअर की तरह बच्चे पैदा कर लेते हैं उनके लिए खाने को भी इंतजाम करना पड़ता है सिंगार के लिए सामान कहां से लेकर आएंगे म****** खेती समझते हैं ना औरत को,0,train
हरियाणा में सेप्टिक टैंक साफ करने के दौरान चार की मौत!!    रोहतक में सेप्टिक टैंक की सफाई के दौरान जहरीली गैस के चपेट में आने से चार कर्मचारियों की मौत हो गई! चारों की उम्र 22 से 30 साल के बीच थी!!    दलित राष्ट्रपति और 'ओबीसी' पीएम कहां झक मार रहे!!  #BanEVM,0,train
Pure Hyderabadi laughing by @user on BJP spoke person.    @user @user @user @user @user,0,train
हाथी चले अपनी चाल   #कुत्ते भौंके सौ हज़ार,0,train
Byculla #AIMIM MLA @user ON JAI SHRI RAM CONTROVERSY.     @user,0,train
"कांग्रेस में इस्तीफों की होड़: सांसद बाजवा ने सभी मुख्यमंत्री, प्रदेश अध्यक्षों, सीडब्ल्यूसी सदस्यों का इस्तीफा मांगा    http …    (रिपोर्ट @user )",0,train
"प्रिय देशभक्त साथियों,    बाबा साहब अंबेडकर, सरदार पटेल और श्यामा प्रसाद जी का #सम_विधान का सपना साकार करने के लिए शनिवार 6 जुलाई शाम 5 बजे इंडिया गेट से #एक_देश_एक_विधान अभियान शुरू किया जाएगा।    आप आइयेगा जरूर    @user @user @user",0,train
"#Savarkar को वीर बताने वाले #अटल जी की देशभक्ति के बारे मे कुछ पढ़कर स्तब्ध हूँ    1942 मे अंग्रेज भारत छोड़ो अभियान मे अटल जी गिरफ्तार हुए, उन्होंने एफिडेविट दिया कि मैं आज़ादी की लड़ाई का हिस्सा नही हूँ और अंग्रेजो का झण्डा जलाने वालो के खिलाफ गवाही दी ये सेशन कोर्ट का जजमेंट है।",0,train
"ट्रम्प तो मोदी जी का “दोस्त” है, फिर ऐसा कैसे हो गया....?",0,train
"जो लोग गौडसे की पूजा करते हैं वो बाबा रामरहिम आसाराम बापू की जमानत करवा के ही दम लेंगे  आखिर ये ही इनकी देशभक्ती है,,,",0,train
दिल्ली में भाजपा की जीत के सूत्रधार और दिल्लीवासियों की सेवा को समर्पित श्री @user जी से मिलकर आज उन्हें लोकसभा चुनावों में भाजपा की ज़बरदस्त जीत की बधाई दी।  मुझे यक़ीन है हम दिल्ली विधानसभा चुनावों में भी इसी जीत को दोहराएंगे और दिल्ली में एक सशक्त सरकार बनाएंगे,0,train
मुझे लुंड से ज़्यादा चुत में मज़ा आया,0,train
Jab encounter hotey hain toh phir Dard aap ko hi hota hai sabsey jyada,0,train
मेरा देश बदल रहा है  एक समय था जब गठबंधन बनाकर सरकार बना लिया जाता था   पर अब गठबंधन बनाकर विपछ बनाया जा रहा है,0,train
"जैसे तुम्हारी पत्रकारिता ने मुस्लिमों ,रियाल/दीनार की लालच ने घुटने टेक कर तुमको माहौल मेकर मक्कारी का मुजरा करने वाला भड़वा, हिंदुबिरोधी ,ग़द्दार ,मुसलमानों का चमचा ,दल्ला बना दिया और निष्पक्षता के मामले तेरा गन्दा जमीर खत्म हो गया है।वैसा न सोच ,वैसा यहां असंभव है।",0,train
"ज़ायरा हो या नुसरत जहाँ,सबको अपनी “मर्ज़ी” से जीने का हक़ है, और ये “हक़” उन्हें किसी मुल्ला मौलवी या किसी “पंडे” पुजारी ने नहीं, इस देश के “संविधान”  ने दिया है.",0,train
#असली बात ये है कि #कुछ #कमीने #किस्म के #लोग #अपनी #बहन से ही #शादी करना चाह रहे थे जिन्हें #समाज के लोगो द्वारा समाज से #बहिष्कार कर दिया गया जिसके कारण भेनचोद #मुस्लिम बन गए उसके बाद से वे अपनी बहन को लगातार चोद रहे है साले    यही भारतीय #उपमहादीप के मुसलमानों की सचाई है,0,train
Vadnde matram ko gane me kitnw time lgta hai yhi bta de to bhut hoga,1,train
Yadav mam advo ki hatya karne wala agar bach jaye tau kanoon nahi bach na chahiye,1,train
आदरणीय राष्ट्रीय अध्यक्ष जी    #आप हम सब का #हौसला हैंआदरणीय राष्ट्रीय अध्यक्ष जी#आप हम सब का #हौसला हैं…,0,train
अबे तेरी क्यूँ #फटी है पड़ी तेरे पास तो #Pappu_Ka_है ना वही वाला     लगा ले ना जा कर #कुत्ते,0,train
Lko- STF को शानदार सफलता-      एक लाख का इनामी अपराधी आदेश  मुजफ्फरनगर में STF से मुठभेड़ में ढेर.....    मुज़फ्फरनगर के मीरपुर में हुई मुठभेड़...,0,train
दिल्ली में आयुष्मान भारत योजना को रोक कर मुख्यमंत्री केजरीवाल ने दिल्ली की जनता के साथ बहुत बड़ा विश्वासघात किया है - श्री @user,1,train
"तेरी माँ का भोसडा, भेनचोद कटवे कही के!",0,train
"तुमने कभी किसी देश में जातिवाद का भेदभाव देखा है लेकिन भारत मे है यहाँ दलित ब्राह्मण की लड़की से शादी नहीं कर सकता है ।  क्योंकि वो दलित है इसलिए नही कर सकता,दुनिया मे इस बड़ा चूतियापा कोई हो ही नही सकता।  @user @user @user @user",0,train
1 रंडी के चक्कर में पूरी हिन्दू कॉम बदनाम नहीं होनी चाहिए,0,train
"विधायक बेटे को लेकर बोले कैलाश विजयवर्गीय- ‘आकाश कच्चे खिलाड़ी, अधिकारियों को भी समझना चाहिए’  #KailashVijayvargiya   http …",0,train
¶¶कंगन हाथों का शर्मा गया शायद  मैंने हाथों को छू लिया जो उसके¶¶    ¶¶बात करने लगा वो आपसे शायद  मैंने हाथों को पकड़ लिया उसके¶¶    ¶¶जलने लगा अब कंगन वो शायद  मैंने जो हाथों को चूम लिया उसके¶¶    ¶¶झूमकर शोर करने लगा  मैंने कसकर बाहों में   ले लिया उसके¶¶  ~#साहिब१     #हिंदी_शब्द   #शब्दनिधि,0,train
"रंडी मीडिया बोल रही कूटनीति थी हार ।  और जीत जाते तो भगवा की जीत होती, मतलब इन्हें देश की हार जीत से फ़र्क़ नही",0,train
"इस #बकलंड #बखोर #भड़वे #हरामखोर #देशद्रोही #कुत्ते घुंघरू सेठ के साथ जब पूरा देश है तो चुनाव 543 सीट पे क्यों नहीं लड़ा,",0,train
भोसडीके अगली बार CD बना तो लाइटिंग अच्छी लगाना !,0,train
'अगर कोई क्षमता बढ़ाने के लिए प्रेरित करता है तो समझो कि यह सकारात्मक प्रयास है और जब कोई सीमित रखने का प्रयास करता है तो समझो कि यह नकारात्मक प्रयास है।'                             @किशन सहाय,0,train
गौरख़पुर मे आक्सीजन नहीं था   बिहार मे अच्छा अस्पताल नहीं था  गुजरात में 30 फुट की सीढी नहीं थी !  वाह भाई डिजिटल इंडिया  @user,0,train
"#जब #शेर #चलता है तो #हजारों #कुत्ते #भोकते है ऐसी #कहावत सुना था , #आज #संसद  में #देख ने को भी #मिल गया  #Asaduddin #owaisi",0,train
थोर क्रांतिकारक राणी लक्ष्मीबाई   यांना पुण्यतिथीनिमित्त विनम्र अभिवादन..!! #RaniLaxmiBai #रानी_लक्ष्मीबाई #लक्ष्मीबाई,0,train
"मोमिन वो नही जिसकी महफ़िल पाक है,  मोमिन वो है जिसकी तन्हाई पाक है।     - हज़रत अली",0,train
डॉ श्यामा प्रसाद मुखर्जी ने अपने जीवन में जो कार्य किए वो उस समय से बहुत आगे के थे। उन्हीं के प्रयासों से ही आज पश्चिम बंगाल और कश्मीर भारत के अभिन्न अंग हैं। देश डॉ श्यामा प्रसाद मुखर्जी के बलिदान को सदैव स्मरण करता रहेगा - श्री @user   @user,0,train
"किसी भी लोकतांत्रिक देश में चुनाव कभी कोई समस्या नहीं हो सकती है और न ही चुनाव को कभी धन के व्यय-अपव्यय से तौलना उचित है। देश में ’एक देश, एक चुनाव’ की बात वास्तव में गरीबी, महंगाई, बेरोजबारी, बढ़ती हिंसा जैसी ज्वलन्त राष्ट्रीय समस्याओं से ध्यान बांटने का प्रयास व छलावा मात्र है।",0,train
"बंगलदेश तेरी गाँड मरेगी, आज नही अभी मरेगी",0,train
गृह मंत्री अमित शाह ने जम्मू-कश्मीर आरक्षण संशोधन बिल राज्यसभा में किया पेश   #homeminister #amithshah #JammuAndKashmir,0,train
तू पाकिस्तान के बस तलवे chat.. हरामी नस्ल की पाकिस्तानी कुतिया है तू... कुत्ते भी बफादार होते है पर तू सुअर की जाती की है...,0,train
"में एक गरीब धार्मिक आदिवासी मंगरु पाहन का मॉब लिंचिंग कर दिया। घटना राँची के कडरू की है। मृतक मंगरु पाहन धार्मिक प्रवृत्ति के इंसान थे और पूजा व दिहाड़ी मजदूरी करके जीविकोपार्जन करते थे।  निर्दोष आदिवासी शख्स को तीन मुस्लिम लड़के रमजान अंसारी उर्फ चरकु,मो साजिद उर्फ छोटू और अजमत",0,train
मैडम इस देश में #KamalHaasan तो अपना विचार रख सकता है  लेकिन #प्रज्ञा_ठाकुर नहीं रख सकती क्योंकि ये आजाद नहीं हैं  एक बात और बता दूं मैं #गोड़से को ही देशभक्त मानूंगा ये राजनीति के कारण गांधी को नहीं    #गोडसे_एक_देशभक्त जिन्दाबाद,0,train
गांड में गुदा नहीं और और छलांगे 10 फेरी के  भोसडीके तू चला जा,0,train
अय्यर के #नीच वाले बयान के लिए कांग्रेस जिम्मेदार और 'देशभक्त गोडसे' #प्रज्ञा का निजी बयान है??    ये #दोगलापन नही तो क्या है??,0,train
दुष्कर्म के इस मामले को लेकर स्थिति तनावपूर्ण बनी हुई है  (@user),0,train
"हरामी में कौन सा कलर होता है?  शांतिदूत भी बता देंगे, लेकिन तुमसे ना बोला जाएगा दल्ले।",0,train
नाम के आगे गर्व से #मैं_भी_चौकीदार' लिखने वालों को अब  शर्म से '  #मैं_भी_जिम्‍मेदार' भी लिख लेना चाहिए,1,train
महिला मित्र की दुबारा सुहागरात में चुदाई की कामना http,0,train
"किश्तवाड़ बस हादसा: अबतक 35 लोगों की मौत, पीएम @user और गृहमंत्री @user ने जताया दुख    #Kishtwar",0,train
"तीन “तलाक़”  पर संसद में “हिंदू” नेता, मुस्लिम औरतों के अधिकारों की दुहाई दे रहे हैं, और ओबेसी हिंदू बहनों के “हक़” की लड़ाई लड़ते हुए दिखायी दिये..........ये है न्यू इंडिया.",0,train
"अबे तुमने क  दिल्ली के चावडी बाजार मे मन्दिर की मूर्तियों को खण्डित किया गया उस विषय पर अभी तक कुछ नही बोला।  मतलब रँडियो से भी गये बीते हो साला मुस्लिम को खरोच भी आये तो रँडी रोना चालू कर देते हो  हिन्दुओं का मन्दिर तोडा जाये ,हिन्दू की जान चली जाये तो जुबान को लकवा मार जाता है।",1,train
क्यो रे gandu ग्रीन कलर चाहिये था क्या तुझे... रंडी के..,0,train
इसकी भेन को चोदू किसी को here maps की api यूज़ करते आता है क्या ? अजीब लवड़ी चीज़ बनाई है भड़वो ने। काम की ही नहीं है भेनचोद।,0,train
कौन बना रहा है भेनचोद ऐसे memes. आधे घंटे से हँस रहा हूँ.,0,train
"फिर झूट परोस दिया , फिर लोगों को गुमराह कर दिया। केजरीवाल सरकार MCD के जिस स्कूल के एक कमरे की लागत 25 लाख बता रही है। उसकी असली लागत 12.55 लाख हैं। SDMC 43 कमरों का टेंडर 5 करोड़ 27 लाख रुपये में देगी। इसमें सिविल खर्चे भी शामिल हैं।",0,train
"तब तो ये #नीच बोल रहा था कि इसकी #हिंदी कमजोर है और #नीच_आदमी से उसका 'वो' मतलब नहीं था !!    @user जल्दी मरो, इस कव्वे को खीर खिलानी है तेरे श्राद्ध की ..    #AayegaTohModiHi",0,train
90% लोगों को पहले से पता था की इंडिया मैच हारेगी बाकी 10 % लोग जो भगवा जर्सी का रंडी रोना रो रहे हैं वो लोग तख्ती गैंग के सदस्य थे,0,train
#Kutte #Dalal #DalalMedia अब समझ आया हक़ीक़त में दल्ला है तू #कुत्ते,1,train
मैं कांग्रेस से पूछना चाहता हूँ कि जमायते इस्लामी और JKLF पर आज तक प्रतिबंध क्यों नहीं लगाया गया था ?    मोदी सरकार आने के बाद इन पर प्रतिबंध लगा।    इन अलगाववादियों और देशद्रोहियों पर प्रतिबंध न लगाकर कांग्रेस किसे खुश करना चाहती थी?,0,train
यहाँ तक कि मुझे अनफ्रेंड कर दिया गया और पेज पर आज कॉमेंट कर रहा हूँ मुझे आप ने सायद इसलिए अनफ्रेंड किया कि मेरी बातें उस समय आप को सायद गलत लग रही होंगी जो थी नही जो सत्य को नही स्वीकार पाया समय उसको खुद सिखा देता है वेशक कोई व्यक्ति आप के इतने ऊंचे पद पर नही तो इसका मतलब यह नही की उसको समझ नही आप अब मंथन करें चिंतन करें,0,train
"इस सुअर केजरी की ही पहले अम्मा होनी चाहिए तभी इसको समझ आएगा ,कभी कभी लगता है ये हलाला की पैदाइश है",0,train
रविवार- भगवान सूर्य की पूजा    सोमवार- भगवान शिव की पूजा    मंगलवार- भगवान हनुमान की पूजा    बुधवार- भगवान गणेश जी की पूजा    गुरुवार- भगवान विष्णु जी की पूजा    शुक्रवार- माँ दुर्गा लक्ष्मी सरस्वती पूजा    शनिवार को भगवान शनिदेव की पूजा    हिंदू यदि सड़क जाम कर पूजा-पाठ शुरू करे तो क्या होगा?,0,train
"Police को सारा गुस्सा उस समय ही क्यों आता है जब सामने कोई गरीब होता है ।।   जब सामने कोई नेता, विधायक या सांसद होता है तो यही क्रोध कहाँ काफूर हो जाता है।।",0,train
ससुरजी का मोटा लुंड ने बहुत मज़ा दिया,0,train
".@user संसदीय दल की बैठक में @user का जोरदार स्वागत, 380 सांसदों के लिए एजेंडा तय करेंगे पीएम    http …",0,train
"ये देखो बेटी बचाओ आंदोलन की सबसे बड़ी सफलता   बीजेपी नेता बलात्कार के आरोपी से जेल में मिलने जाते है चेहरे पर कोई शिकन नही . ये लोग अब देश चलायेंगे,,,",0,train
दिल्ली में घर के अंदर घुसकर गन पॉइंट पर लूट की वारदात को अंजाम दे रहे हैं बेखौफ बदमाश    #Delhi   http … (रिपोर्ट- @user ),0,train
बापू हम शर्मिंदा हैं तेरे क़ातिल अभी ज़िन्दा हैं   #प्रज्ञा_ठाकुर मुर्दाबाद  #गोडसे मुर्दाबाद..,0,train
